tid,ra,dec,anomaly_score,worst_band,residual_B,residual_R,residual_Z,W1mag,W2mag,W3mag,W4mag,W1_W2,wise_source,gaia_Plx,gaia_e_Plx,gaia_pmRA,gaia_pmDE,gaia_Gmag,likely_star,sdss_umag,sdss_gmag,sdss_rmag,sdss_imag,sdss_zmag,sdss_class,known_qso,qso_type,qso_z,has_wise,has_gaia,has_sdss,in_any_catalog,classification,qso_confidence
-207905052,260.428437,53.304748,13.274,B,4.5236,2.2028,0.3729,17.513999938964844,16.06100082397461,12.9350004196167,9.543999671936035,1.453,AllWISE,,,,,21.045751571655273,0.0,20.430999755859375,20.31399917602539,20.378999710083008,20.03300094604492,19.836999893188477,,0,,,1,1,1,1,QSO_CANDIDATE,GOLD
-213475449,94.196824,67.258071,13.176,B,4.5598,2.0875,0.3406,18.562999725341797,17.454999923706055,,,1.108,CatWISE2020,,,,,,,,,,,,,0,,,1,0,0,1,QSO_CANDIDATE,GOLD
-240789055,118.908868,47.246539,13.032,B,4.7522,0.3365,1.4358,18.89699935913086,17.229000091552734,,,1.668,CatWISE2020,,,,,,,,,,,,,0,,,1,0,0,1,QSO_CANDIDATE,GOLD
-83225052,200.918879,9.728762,12.88,B,4.4214,2.349,0.3494,18.20800018310547,17.006000518798828,,,1.202,CatWISE2020,,,,,,,,,,,,,0,,,1,0,0,1,QSO_CANDIDATE,GOLD
-204205052,248.022104,24.747923,12.858,B,4.4499,1.8995,0.5608,17.829999923706055,16.827999114990234,12.470000267028809,8.62399959564209,1.002,AllWISE,,,,,,,,,,,,,0,,,1,0,0,1,QSO_CANDIDATE,GOLD
39633024018548501,117.839775,37.270435,12.676,B,4.2692,2.2649,0.273,18.118000030517575,17.10099983215332,,,1.017,CatWISE2020,,,,,,,25.93600082397461,24.874000549316406,23.281999588012695,21.368999481201172,20.246000289916992,,0,,,1,0,1,1,QSO_CANDIDATE,GOLD
-63976502,32.478026,-3.719544,12.652,B,4.0883,2.6294,0.2761,17.898000717163086,16.652999877929688,,,1.245,CatWISE2020,,,,,,,,,,,,,0,,,1,0,0,1,QSO_CANDIDATE,GOLD
-35191072,118.020236,40.883246,12.638,B,4.3376,2.0571,0.4449,17.632999420166016,16.628000259399414,11.960000038146973,8.645000457763672,1.005,AllWISE,,,,,,,,,,,,,0,,,1,0,0,1,QSO_CANDIDATE,GOLD
-200791448,323.257537,18.802348,12.63,B,4.2194,2.2876,0.2719,18.385000228881836,16.746000289916992,,,1.639,CatWISE2020,,,,,,,,,,,,,0,,,1,0,0,1,QSO_CANDIDATE,GOLD
-256491228,99.369578,55.640154,12.327,B,4.5086,0.2541,1.4868,18.01799964904785,16.937999725341797,,,1.08,CatWISE2020,,,,,,,,,,,,,0,,,1,0,0,1,QSO_CANDIDATE,GOLD
-18217377,323.758764,3.019886,12.239,B,4.2158,2.2961,0.2146,18.76300048828125,17.266000747680664,,,1.497,CatWISE2020,,,,,,,,,,,,,0,,,1,0,0,1,QSO_CANDIDATE,GOLD
-227577377,221.693969,41.838693,12.221,B,4.2916,2.0952,0.2454,18.055999755859375,16.81399917602539,,,1.242,CatWISE2020,,,,,,,,,,,,,0,,,1,0,0,1,QSO_CANDIDATE,GOLD
-219341076,146.719337,38.818826,12.151,B,4.3406,0.3185,1.5605,18.510000228881836,17.433000564575195,,,1.077,CatWISE2020,,,,,,,,,,,,,0,,,1,0,0,1,QSO_CANDIDATE,GOLD
-261761094,67.177233,-9.450202,12.126,B,4.4262,0.2734,1.4776,18.166000366210938,17.12299919128418,,,1.043,CatWISE2020,,,,,,,,,,,,,0,,,1,0,0,1,QSO_CANDIDATE,GOLD
-217577261,28.857287,-16.34029,12.115,B,4.3836,1.9959,0.1755,18.461999893188477,17.150999069213867,,,1.311,CatWISE2020,,,,,,,,,,,,,0,,,1,0,0,1,QSO_CANDIDATE,GOLD
-202205449,241.384507,11.326106,12.108,B,4.1556,2.3507,0.2565,17.451000213623047,16.400999069213867,12.55500030517578,8.9399995803833,1.05,AllWISE,,,,,,,,,,,,,0,,,1,0,0,1,QSO_CANDIDATE,GOLD
-80445449,250.743835,31.15107,12.065,B,4.1818,2.1712,0.2304,17.92099952697754,16.738000869750977,12.880000114440918,8.967000007629395,1.183,AllWISE,,,,,,,,,,,,,0,,,1,0,0,1,QSO_CANDIDATE,GOLD
616088410259457044,357.276914,-5.413134,11.967,B,4.2874,2.0262,0.3234,18.225000381469727,17.118000030517578,,,1.107,CatWISE2020,,,,,,,,,,,,,0,,,1,0,0,1,QSO_CANDIDATE,GOLD
-208641219,335.061148,-0.265338,11.965,B,4.1813,0.7002,1.7699,17.18600082397461,16.132999420166016,12.052000045776367,8.965999603271484,1.053,AllWISE,,,,,,,23.555999755859375,23.83300018310547,21.691999435424805,21.243000030517575,20.785999298095703,,0,,,1,0,1,1,QSO_CANDIDATE,GOLD
-257451366,16.178888,-1.259619,11.908,B,4.4334,0.2245,1.4127,18.224000930786133,17.195999145507812,,,1.028,CatWISE2020,,,,,,,23.288000106811523,23.55500030517578,22.73500061035156,23.082000732421875,21.950000762939453,,0,,,1,0,1,1,QSO_CANDIDATE,GOLD
-250747190,157.921984,46.763692,11.87,B,4.411,0.2236,1.3843,18.15999984741211,17.04400062561035,,,1.116,CatWISE2020,,,,,,,,,,,,,0,,,1,0,0,1,QSO_CANDIDATE,GOLD
-17485052,246.581639,41.356354,11.777,B,4.1178,2.2586,0.4114,18.312000274658203,17.261999130249023,,,1.05,CatWISE2020,,,,,,,26.010000228881836,23.847000122070312,23.761999130249023,21.85199928283691,21.10300064086914,,0,,,1,0,1,1,QSO_CANDIDATE,GOLD
-206417377,187.799282,64.338825,11.76,B,4.1235,2.2138,0.1981,18.777000427246097,17.695999145507812,,,1.081,CatWISE2020,,,,,,,,,,,,,0,,,1,0,0,1,QSO_CANDIDATE,GOLD
-200955449,224.95518,3.912992,11.745,B,4.1371,2.1493,0.354,18.224000930786133,17.211000442504883,,,1.013,CatWISE2020,,,,,,,,,,,,,0,,,1,0,0,1,QSO_CANDIDATE,GOLD
-251514121,167.687202,9.839641,11.735,B,4.4481,0.2444,1.5181,16.65399932861328,15.279999732971191,11.96500015258789,8.140999794006348,1.374,AllWISE,0.1235,0.6650999784469604,-0.812,-0.345,20.140844345092773,0.0,21.660999298095703,21.106000900268555,20.979999542236328,20.573999404907227,20.67200088500977,,0,,,1,1,1,1,QSO_CANDIDATE,GOLD
-63647192,37.92084,-2.220505,11.723,B,3.7967,2.7175,0.4478,18.36400032043457,16.96299934387207,,,1.401,CatWISE2020,,,,,,,,,,,,,0,,,1,0,0,1,QSO_CANDIDATE,GOLD
-12265052,225.104027,11.609504,11.685,B,4.0944,2.2724,0.3025,17.70400047302246,16.679000854492188,13.001999855041504,9.038999557495115,1.025,AllWISE,,,,,,,,,,,,,0,,,1,0,0,1,QSO_CANDIDATE,GOLD
-58007377,225.695678,4.575567,11.605,B,4.0309,2.2619,0.2709,17.902000427246094,16.819000244140625,,,1.083,CatWISE2020,,,,,,,,,,,,,0,,,1,0,0,1,QSO_CANDIDATE,GOLD
-246135052,67.315503,-5.570822,11.588,B,3.9882,2.3471,0.4377,18.542999267578125,17.514999389648438,,,1.028,CatWISE2020,,,,,,,,,,,,,0,,,1,0,0,1,QSO_CANDIDATE,GOLD
-18897377,271.233718,40.251707,11.551,B,3.7305,2.5872,0.235,17.72100067138672,16.695999145507812,,,1.025,CatWISE2020,,,,,,,,,,,,,0,,,1,0,0,1,QSO_CANDIDATE,GOLD
-214904302,71.544328,-1.368464,11.499,B,4.0935,0.2409,1.5387,18.510000228881836,17.277999877929688,,,1.232,CatWISE2020,,,,,,,,,,,,,0,,,1,0,0,1,QSO_CANDIDATE,GOLD
616088519827260060,54.730282,-0.733005,11.494,B,3.7509,2.6489,0.3868,18.222999572753903,16.844999313354492,,,1.378,CatWISE2020,,,,,,,,,,,,,0,,,1,0,0,1,QSO_CANDIDATE,GOLD
-33227377,253.271911,39.225771,11.478,B,4.144,2.0231,0.2577,17.735000610351562,16.621000289916992,12.72700023651123,8.87600040435791,1.114,AllWISE,,,,,,,,,,,,,0,,,1,0,0,1,QSO_CANDIDATE,GOLD
-262417261,155.543719,-3.132135,11.458,B,4.1879,2.0949,0.2516,19.11400032043457,17.1560001373291,,,1.958,CatWISE2020,,,,,,,,,,,,,0,,,1,0,0,1,QSO_CANDIDATE,GOLD
-83277377,198.736642,10.289206,11.425,B,3.658,2.7805,0.1979,19.03700065612793,16.84000015258789,,,2.197,CatWISE2020,,,,,,,,,,,,,0,,,1,0,0,1,QSO_CANDIDATE,GOLD
-241737261,13.94093,2.866427,11.412,B,4.1082,2.048,0.252,17.07900047302246,15.86400032043457,12.27400016784668,8.248000144958496,1.215,AllWISE,,,,,,,,,,,,,0,,,1,0,0,1,QSO_CANDIDATE,GOLD
-240404221,269.679371,35.815545,11.404,B,4.0711,0.2074,1.8017,18.309999465942383,17.114999771118164,,,1.195,CatWISE2020,,,,,,,,,,,,,0,,,1,0,0,1,QSO_CANDIDATE,GOLD
-205324519,350.91453,-6.124296,11.346,B,4.1024,0.2945,1.596,17.079999923706055,16.017000198364258,12.508999824523926,8.765000343322754,1.063,AllWISE,,,,,,,,,,,,,0,,,1,0,0,1,QSO_CANDIDATE,GOLD
-208495053,316.686973,9.405013,11.307,B,3.9872,2.3323,0.2001,18.371000289916992,17.05500030517578,,,1.316,CatWISE2020,,,,,,,,,,,,,0,,,1,0,0,1,QSO_CANDIDATE,GOLD
-250295052,64.493069,0.045146,11.296,B,4.0344,2.2364,0.177,18.211999893188477,17.034000396728516,,,1.178,CatWISE2020,,,,,,,,,,,,,0,,,1,0,0,1,QSO_CANDIDATE,GOLD
-232964167,10.044193,0.444239,11.289,B,4.0646,0.3505,1.7704,18.200000762939453,17.079999923706055,,,1.12,CatWISE2020,,,,,,,,,,,,,0,,,1,0,0,1,QSO_CANDIDATE,GOLD
-214774174,58.526608,-6.910933,11.216,B,4.1485,0.2287,1.5853,18.29400062561035,17.198999404907227,,,1.095,CatWISE2020,,,,,,,,,,,,,0,,,1,0,0,1,QSO_CANDIDATE,GOLD
-101354221,143.249499,62.226885,11.194,B,4.1892,0.2624,1.4423,17.930999755859375,16.4950008392334,,,1.436,CatWISE2020,,,,,,,,,,,,,0,,,1,0,0,1,QSO_CANDIDATE,GOLD
-241184221,116.245576,45.321003,11.185,B,4.2236,0.2858,1.466,18.368000030517575,17.195999145507812,,,1.172,CatWISE2020,,,,,,,,,,,,,0,,,1,0,0,1,QSO_CANDIDATE,GOLD
-221843072,168.567332,50.88296,11.175,B,4.1813,2.0017,0.2188,18.040000915527344,17.000999450683594,,,1.039,CatWISE2020,,,,,,,,,,,,,0,,,1,0,0,1,QSO_CANDIDATE,GOLD
-230507377,69.09588,-3.688771,11.168,B,3.9598,2.2951,0.2417,17.892000198364258,16.666000366210938,,,1.226,CatWISE2020,,,,,,,,,,,,,0,,,1,0,0,1,QSO_CANDIDATE,GOLD
-215745449,182.368174,68.863283,11.168,B,3.9045,2.4781,0.2011,18.916000366210938,17.899999618530273,,,1.016,CatWISE2020,,,,,,,,,,,,,0,,,1,0,0,1,QSO_CANDIDATE,GOLD
-237334164,175.531001,54.44851,11.132,B,4.2721,0.195,1.4879,19.0,17.454999923706055,,,1.545,CatWISE2020,,,,,,,,,,,,,0,,,1,0,0,1,QSO_CANDIDATE,GOLD
-259604367,349.931915,1.637792,11.103,B,3.8205,0.2241,1.9335,17.850000381469727,16.715999603271484,,,1.134,CatWISE2020,,,,,,,22.63800048828125,22.15800094604492,21.79800033569336,21.795000076293945,21.777000427246097,,0,,,1,0,1,1,QSO_CANDIDATE,GOLD
616094016173245530,215.655182,51.101032,11.076,R,0.4253,4.2151,2.2823,18.19099998474121,17.190000534057617,,,1.001,CatWISE2020,,,,,,,,,,,,,0,,,1,0,0,1,QSO_CANDIDATE,GOLD
-69075449,210.994403,34.543989,11.051,B,4.0376,2.0227,0.3372,19.510000228881836,16.89299964904785,,,2.617,CatWISE2020,,,,,,,,,,,,,0,,,1,0,0,1,QSO_CANDIDATE,GOLD
-41057377,138.433919,5.744109,11.032,B,3.6938,2.5794,0.3828,18.364999771118164,17.3439998626709,,,1.021,CatWISE2020,,,,,,,,,,,,,0,,,1,0,0,1,QSO_CANDIDATE,GOLD
-222727261,27.849748,1.647183,11.002,B,3.9558,2.2468,0.2591,18.06599998474121,16.895000457763672,,,1.171,CatWISE2020,,,,,,,24.1560001373291,23.781999588012695,22.082000732421875,22.16900062561035,22.12299919128418,,0,,,1,0,1,1,QSO_CANDIDATE,GOLD
-230867403,152.617558,9.34625,10.989,B,4.0543,2.054,0.186,18.733999252319336,17.399999618530273,,,1.334,CatWISE2020,,,,,,,,,,,,,0,,,1,0,0,1,QSO_CANDIDATE,GOLD
-211394173,180.072752,3.616785,10.988,B,3.9456,0.3042,1.6827,17.875,16.840999603271484,,,1.034,CatWISE2020,,,,,,,22.92300033569336,22.040000915527344,21.454999923706055,21.32699966430664,20.753999710083008,,0,,,1,0,1,1,QSO_CANDIDATE,GOLD
-214847261,66.474994,-4.508646,10.978,B,3.9309,1.9184,0.4608,17.305999755859375,16.246999740600586,12.590999603271484,8.767999649047852,1.059,AllWISE,,,,,,,27.447999954223633,23.684999465942383,22.25900077819824,21.472999572753903,20.52300071716309,,0,,,1,0,1,1,QSO_CANDIDATE,GOLD
-215317192,131.372858,0.692311,10.964,B,3.7548,2.3802,0.2033,17.638999938964844,16.538999557495117,,,1.1,CatWISE2020,,,,,,,,,,,,,0,,,1,0,0,1,QSO_CANDIDATE,GOLD
-204253135,262.411908,15.373234,10.958,B,4.3071,0.2485,1.5593,18.858999252319336,17.15399932861328,,,1.705,CatWISE2020,,,,,,,,,,,,,0,,,1,0,0,1,QSO_CANDIDATE,GOLD
-11975449,229.960105,17.151064,10.913,B,3.8069,2.4549,0.2047,18.19099998474121,17.143999099731445,,,1.047,CatWISE2020,,,,,,,24.863000869750977,23.347999572753903,22.30900001525879,22.04199981689453,21.4060001373291,,0,,,1,0,1,1,QSO_CANDIDATE,GOLD
-250897261,161.96392,49.968528,10.905,B,4.1041,1.8604,0.2024,18.243000030517575,17.06100082397461,,,1.182,CatWISE2020,,,,,,,,,,,,,0,,,1,0,0,1,QSO_CANDIDATE,GOLD
-28186232,238.882612,31.94231,10.873,B,4.0721,1.8901,0.1925,18.073999404907227,16.650999069213867,12.586000442504885,8.847999572753906,1.423,AllWISE,,,,,,,,,,,,,0,,,1,0,0,1,QSO_CANDIDATE,GOLD
-61435449,173.490576,12.701917,10.853,B,3.7363,2.4633,0.2029,17.7189998626709,16.58300018310547,12.229000091552734,8.585000038146973,1.136,AllWISE,,,,,,,,,,,,,0,,,1,0,0,1,QSO_CANDIDATE,GOLD
-31037261,358.815123,-5.65764,10.818,B,3.8316,2.4591,0.2104,17.22100067138672,16.104000091552734,12.305999755859377,8.765999794006348,1.117,AllWISE,,,,,,,,,,,,,0,,,1,0,0,1,QSO_CANDIDATE,GOLD
-14255449,263.080135,16.420155,10.775,B,3.8779,2.238,0.3199,18.593000411987305,17.573999404907227,,,1.019,CatWISE2020,,,,,,,,,,,,,0,,,1,0,0,1,QSO_CANDIDATE,GOLD
-14175052,248.155565,14.729462,10.739,B,3.8988,1.8453,0.3566,17.777999877929688,16.75200080871582,12.164999961853027,8.6850004196167,1.026,AllWISE,,,,,,,,,,,,,0,,,1,0,0,1,QSO_CANDIDATE,GOLD
-19405449,123.41427,44.961964,10.728,B,3.7558,2.3115,0.2893,18.768999099731445,16.961000442504883,,,1.808,CatWISE2020,,,,,,,,,,,,,0,,,1,0,0,1,QSO_CANDIDATE,GOLD
-87674367,70.391376,0.621307,10.723,B,3.7804,0.2248,1.9525,18.64800071716309,17.535999298095703,,,1.112,CatWISE2020,,,,,,,,,,,,,0,,,1,0,0,1,QSO_CANDIDATE,GOLD
-204817377,161.996067,12.174507,10.713,B,4.0214,1.9969,0.3132,18.621000289916992,17.520000457763672,,,1.101,CatWISE2020,,,,,,,,,,,,,0,,,1,0,0,1,QSO_CANDIDATE,GOLD
-105531256,24.256368,-0.643405,10.71,B,3.4763,0.1913,2.1939,19.516000747680664,17.333999633789062,,,2.182,CatWISE2020,,,,,,,,,,,,,0,,,1,0,0,1,QSO_CANDIDATE,GOLD
-239561237,321.644315,-0.214625,10.659,B,3.8381,0.3557,1.8058,18.062000274658203,16.945999145507812,,,1.116,CatWISE2020,,,,,,,,,,,,,0,,,1,0,0,1,QSO_CANDIDATE,GOLD
616093733737202425,222.706865,35.031228,10.639,R,0.3978,3.3719,2.9229,17.958999633789062,16.93600082397461,13.112000465393066,8.883000373840332,1.023,AllWISE,,,,,,,,,,,,,0,,,1,0,0,1,QSO_CANDIDATE,GOLD
-247704025,319.759479,14.109215,10.619,B,4.058,0.2967,1.4692,18.083999633789062,16.961999893188477,,,1.122,CatWISE2020,,,,,,,,,,,,,0,,,1,0,0,1,QSO_CANDIDATE,GOLD
616093984397197994,160.06379,49.011244,10.599,B,3.7757,2.3803,0.3236,18.423999786376953,17.156999588012695,,,1.267,CatWISE2020,,,,,,,,,,,,,0,,,1,0,0,1,QSO_CANDIDATE,GOLD
616088576546833289,195.277478,1.557383,10.58,B,3.8837,2.2202,0.2751,18.40399932861328,17.281999588012695,,,1.122,CatWISE2020,,,,,,,,,,,,,0,,,1,0,0,1,QSO_CANDIDATE,GOLD
-254945449,14.808379,31.579144,10.573,B,4.0496,1.8384,0.2196,18.006000518798828,16.96500015258789,12.5600004196167,9.35200023651123,1.041,AllWISE,,,,,,,,,,,,,0,,,1,0,0,1,QSO_CANDIDATE,GOLD
-48175449,51.521483,1.127142,10.57,B,3.8056,2.2869,0.2472,17.72800064086914,16.639999389648438,,,1.088,CatWISE2020,,,,,,,24.229000091552734,25.19099998474121,22.979999542236328,21.97599983215332,23.20299911499023,,0,,,1,0,1,1,QSO_CANDIDATE,GOLD
-205481415,341.306599,-1.29272,10.57,B,3.7093,0.2424,1.7593,17.836999893188477,16.70400047302246,,,1.133,CatWISE2020,,,,,,,,,,,,,0,,,1,0,0,1,QSO_CANDIDATE,GOLD
-230895449,139.647688,0.330967,10.566,B,3.8871,2.0226,0.3509,17.51099967956543,16.27400016784668,,,1.237,CatWISE2020,,,,,,,,,,,,,0,,,1,0,0,1,QSO_CANDIDATE,GOLD
-209405449,123.414294,44.96197,10.545,B,3.948,2.0137,0.191,18.768999099731445,16.961000442504883,,,1.808,CatWISE2020,,,,,,,,,,,,,0,,,1,0,0,1,QSO_CANDIDATE,GOLD
-32476176,39.895922,-6.159349,10.51,B,3.4464,2.7155,0.2128,18.27899932861328,17.048999786376953,,,1.23,CatWISE2020,,,,,,,,,,,,,0,,,1,0,0,1,QSO_CANDIDATE,GOLD
-17765106,231.936148,37.253495,10.508,Z,0.4808,3.0215,3.0616,18.881999969482425,17.586999893188477,,,1.295,CatWISE2020,,,,,,,,,,,,,0,,,1,0,0,1,QSO_CANDIDATE,GOLD
-222384519,32.511512,1.391313,10.502,B,3.4465,0.1819,1.9742,18.03300094604492,16.893999099731445,,,1.139,CatWISE2020,,,,,,,,,,,,,0,,,1,0,0,1,QSO_CANDIDATE,GOLD
-67055449,19.75032,9.599176,10.47,B,3.606,2.5625,0.4834,17.99799919128418,16.93199920654297,,,1.066,CatWISE2020,,,,,,,,,,,,,0,,,1,0,0,1,QSO_CANDIDATE,GOLD
-61007261,261.340459,16.215959,10.466,B,3.6613,2.3045,0.2195,18.65399932861328,17.459999084472656,,,1.194,CatWISE2020,,,,,,,,,,,,,0,,,1,0,0,1,QSO_CANDIDATE,GOLD
-227574221,219.474878,42.089953,10.443,B,4.0727,0.2295,1.4235,18.31399917602539,17.2810001373291,,,1.033,CatWISE2020,,,,,,,24.09600067138672,23.082000732421875,21.891000747680664,21.2189998626709,20.358999252319336,,0,,,1,0,1,1,QSO_CANDIDATE,GOLD
-261985449,143.897526,7.870929,10.435,B,3.8162,2.1119,0.2703,17.8799991607666,16.555999755859375,,,1.324,CatWISE2020,,,,,,,,,,,,,0,,,1,0,0,1,QSO_CANDIDATE,GOLD
-240337377,267.929557,34.144785,10.389,B,3.9894,1.9107,0.285,17.22100067138672,15.947999954223633,12.17300033569336,8.982000350952148,1.273,AllWISE,,,,,21.08661460876465,0.0,,,,,,,0,,,1,1,0,1,QSO_CANDIDATE,GOLD
-23475449,94.196824,67.258064,10.375,B,3.7336,2.1212,0.4042,18.562999725341797,17.454999923706055,,,1.108,CatWISE2020,,,,,,,,,,,,,0,,,1,0,0,1,QSO_CANDIDATE,GOLD
-21237261,190.734972,5.011991,10.317,B,3.3183,2.7523,0.1865,18.357999801635746,17.010000228881836,,,1.348,CatWISE2020,,,,,,,,,,,,,0,,,1,0,0,1,QSO_CANDIDATE,GOLD
-224434221,274.227333,41.82342,10.312,B,3.6789,0.3181,1.9479,17.364999771118164,16.357999801635742,,,1.007,CatWISE2020,,,,,,,26.510000228881836,23.48500061035156,24.812000274658203,24.812999725341797,22.231000900268555,,0,,,1,0,1,1,QSO_CANDIDATE,GOLD
-238175449,51.521529,1.127145,10.306,B,3.8813,1.9563,0.4154,17.72800064086914,16.639999389648438,,,1.088,CatWISE2020,,,,,,,24.229000091552734,25.19099998474121,22.979999542236328,21.97599983215332,23.20299911499023,,0,,,1,0,1,1,QSO_CANDIDATE,GOLD
-224021122,323.732128,-2.574272,10.298,B,3.9724,0.2589,1.493,18.54400062561035,17.246999740600586,,,1.297,CatWISE2020,,,,,,,,,,,,,0,,,1,0,0,1,QSO_CANDIDATE,GOLD
-248296274,239.236287,3.244787,10.283,B,3.7826,2.0187,0.2084,18.684999465942383,17.10099983215332,,,1.584,CatWISE2020,,,,,,,,,,,,,0,,,1,0,0,1,QSO_CANDIDATE,GOLD
-13157377,69.879387,0.793102,10.268,B,3.689,2.1875,0.2664,17.17799949645996,15.78499984741211,11.972999572753906,8.817999839782715,1.393,AllWISE,,,,,,,24.413999557495117,23.816999435424805,22.72800064086914,22.641000747680664,22.983999252319336,,0,,,1,0,1,1,QSO_CANDIDATE,GOLD
-237054221,115.315524,24.793958,10.265,B,3.8303,0.2118,1.5801,18.08099937438965,16.5939998626709,,,1.487,CatWISE2020,,,,,,,,,,,,,0,,,1,0,0,1,QSO_CANDIDATE,GOLD
-255805052,311.796971,2.70178,10.263,B,3.827,1.8536,0.2572,18.479999542236328,17.40399932861328,,,1.076,CatWISE2020,,,,,,,24.298999786376953,24.393999099731445,22.767000198364254,22.011999130249023,21.149999618530273,,0,,,1,0,1,1,QSO_CANDIDATE,GOLD
-255025052,29.622075,25.607006,10.24,B,3.7799,2.085,0.2477,18.599000930786133,17.420000076293945,,,1.179,CatWISE2020,,,,,,,,,,,,,0,,,1,0,0,1,QSO_CANDIDATE,GOLD
-252401403,351.057997,-3.801204,10.214,B,3.5889,0.1785,2.0268,18.48900032043457,17.398000717163086,,,1.091,CatWISE2020,,,,,,,27.55299949645996,23.011999130249023,20.856000900268555,19.667999267578125,18.667999267578125,,0,,,1,0,1,1,QSO_CANDIDATE,GOLD
-236215448,161.809996,7.24357,10.205,B,3.986,1.8853,0.1892,17.368000030517578,15.894000053405762,12.520000457763672,8.656000137329102,1.474,AllWISE,,,,,,,,,,,,,0,,,1,0,0,1,QSO_CANDIDATE,GOLD
-14835449,156.531201,7.666924,10.181,B,3.7381,2.318,0.3558,17.280000686645508,15.888999938964844,11.82800006866455,7.734000205993652,1.391,AllWISE,,,,,,,22.906999588012695,22.566999435424805,21.32799911499023,21.01099967956543,20.722999572753903,,0,,,1,0,1,1,QSO_CANDIDATE,GOLD
-112201219,336.156181,0.088602,10.173,B,3.485,0.1871,2.0228,18.267000198364254,17.155000686645508,,,1.112,CatWISE2020,,,,,,,,,,,,,0,,,1,0,0,1,QSO_CANDIDATE,GOLD
-223721110,323.148627,6.256287,10.158,B,4.0892,0.4074,1.2999,17.67799949645996,16.63800048828125,12.418999671936035,8.692000389099121,1.04,AllWISE,,,,,,,,,,,,,0,,,1,0,0,1,QSO_CANDIDATE,GOLD
-68717261,194.290614,35.8613,10.145,B,3.7036,2.1511,0.3026,18.511999130249023,17.259000778198242,,,1.253,CatWISE2020,,,,,,,,,,,,,0,,,1,0,0,1,QSO_CANDIDATE,GOLD
-224024348,323.77318,-0.920663,10.138,B,3.9616,0.3099,1.4385,18.520999908447266,17.224000930786133,,,1.297,CatWISE2020,,,,,,,22.86199951171875,23.88400077819824,23.07699966430664,21.79199981689453,21.06800079345703,,0,,,1,0,1,1,QSO_CANDIDATE,GOLD
-32476278,39.693167,-5.579308,10.136,B,3.3,2.6687,0.2756,18.155000686645508,16.38599967956543,12.480999946594238,9.270000457763672,1.769,AllWISE,,,,,,,,,,,,,0,,,1,0,0,1,QSO_CANDIDATE,GOLD
-214885449,66.833196,-11.521774,10.128,B,4.0345,1.9337,0.4751,18.68600082397461,17.246999740600586,,,1.439,CatWISE2020,,,,,,,,,,,,,0,,,1,0,0,1,QSO_CANDIDATE,GOLD
-234065052,175.735226,-4.396089,10.124,B,3.7352,2.3048,0.2169,17.215999603271484,16.207000732421875,12.501999855041504,8.800999641418457,1.009,AllWISE,,,,,,,,,,,,,0,,,1,0,0,1,QSO_CANDIDATE,GOLD
-70836519,117.569153,26.75423,10.09,B,3.4865,2.4843,0.2451,17.607999801635742,16.472999572753906,12.260000228881836,8.604000091552734,1.135,AllWISE,,,,,,,23.79199981689453,23.47800064086914,22.992000579833984,22.80699920654297,22.22800064086914,,0,,,1,0,1,1,QSO_CANDIDATE,GOLD
-69837093,335.975469,15.05057,10.088,Z,0.3817,2.9418,3.157,17.645999908447266,16.483999252319336,11.95400047302246,8.854999542236328,1.162,AllWISE,,,,,,,,,,,,,0,,,1,0,0,1,QSO_CANDIDATE,GOLD
-118437261,67.069839,-13.466888,10.07,B,3.6499,2.1638,0.1914,18.72800064086914,17.55299949645996,,,1.175,CatWISE2020,,,,,,,,,,,,,0,,,1,0,0,1,QSO_CANDIDATE,GOLD
-23187377,134.212915,68.287414,10.069,B,3.7718,2.3087,0.2765,17.91699981689453,16.579999923706055,12.651000022888184,8.748000144958496,1.337,AllWISE,,,,,,,,,,,,,0,,,1,0,0,1,QSO_CANDIDATE,GOLD
-248014173,226.156362,7.210381,10.063,B,3.6302,0.2896,1.8194,18.815000534057617,17.655000686645508,,,1.16,CatWISE2020,,,,,,,,,,,,,0,,,1,0,0,1,QSO_CANDIDATE,GOLD
-245667261,58.060807,-11.009533,10.06,B,3.9141,1.7906,0.2998,18.246999740600582,17.23900032043457,,,1.008,CatWISE2020,,,,,,,,,,,,,0,,,1,0,0,1,QSO_CANDIDATE,GOLD
-203145449,350.943861,32.225179,10.055,B,3.7491,1.9554,0.3826,17.992000579833984,16.694000244140625,,,1.298,CatWISE2020,,,,,,,,,,,,,0,,,1,0,0,1,QSO_CANDIDATE,GOLD
-14717261,180.025202,6.32819,10.017,B,3.7029,2.2674,0.2437,18.69300079345703,17.150999069213867,,,1.542,CatWISE2020,,,,,,,,,,,,,0,,,1,0,0,1,QSO_CANDIDATE,GOLD
-237705449,168.090914,48.184016,10.009,B,3.786,1.8582,0.3494,18.74099922180176,17.006000518798828,,,1.735,CatWISE2020,,,,,,,,,,,,,0,,,1,0,0,1,QSO_CANDIDATE,GOLD
