pix,n_cw,n,n_ccw,cw_fraction,sigma_from_half
7,126,230,104,0.5478260869565217,1.4506370414707315
16,107,192,85,0.5572916666666666,1.5877132402714709
17,37,87,50,0.42528735632183906,-1.3937462952891333
28,225,474,249,0.47468354430379744,-1.102356509219101
29,320,680,360,0.47058823529411764,-1.5339299776947408
30,370,761,391,0.48620236530880423,-0.7612494052741344
31,287,607,320,0.4728171334431631,-1.3394286814725282
32,107,240,133,0.44583333333333336,-1.6782927833565473
35,32,64,32,0.5,0.0
46,580,1186,606,0.48903878583473864,-0.7549722753807533
47,722,1479,757,0.48816768086544965,-0.9100891931116015
48,526,1036,510,0.5077220077220077,0.49709581280096005
49,454,899,445,0.5050055617352615,0.30016680568428156
50,167,332,165,0.5030120481927711,0.10976425998969035
54,401,842,441,0.47624703087885983,-1.3784910335911553
55,200,421,221,0.4750593824228028,-1.0234773755400166
66,102,210,108,0.4857142857142857,-0.41403933560541256
67,397,804,407,0.4937810945273632,-0.3526728079292991
68,504,1016,512,0.49606299212598426,-0.25098232205526344
69,553,1128,575,0.49024822695035464,-0.6550404675929551
70,373,797,424,0.46800501882057716,-1.806512684788327
71,731,1461,730,0.5003422313483915,0.026162237992630243
72,475,972,497,0.4886831275720165,-0.7056503290095426
76,40,86,46,0.46511627906976744,-0.6469966392206304
77,323,641,318,0.5039001560062403,0.19748812638334107
78,454,979,525,0.4637385086823289,-2.2691698409571055
79,42,91,49,0.46153846153846156,-0.7337993857053429
91,632,1211,579,0.5218827415359207,1.5230136581159073
92,869,1804,935,0.4817073170731707,-1.5539093108484365
93,367,762,395,0.4816272965879265,-1.0143329784031059
94,257,491,234,0.5234215885947047,1.0379754695350056
95,263,588,325,0.44727891156462585,-2.5568369064112
96,726,1447,721,0.5017277125086386,0.1314424782419505
97,752,1528,776,0.49214659685863876,-0.613973412115981
98,599,1234,635,0.4854132901134522,-1.0248136961572296
99,217,437,220,0.4965675057208238,-0.14350946197048195
104,381,770,389,0.4948051948051948,-0.28829998806257884
105,374,751,377,0.4980026631158455,-0.10947155477532401
106,710,1394,684,0.509325681492109,0.6963730592072542
120,785,1651,866,0.47546941247728647,-1.9934781610741532
121,687,1439,752,0.477414871438499,-1.7134954662896353
122,523,1068,545,0.4897003745318352,-0.6731890674983151
123,169,329,160,0.513677811550152,0.49618606177797414
124,153,304,151,0.5032894736842105,0.11470786693528087
125,263,503,240,0.5228628230616302,1.0255193127557325
126,410,795,385,0.5157232704402516,0.8866586276648858
127,525,1063,538,0.49388523047977423,-0.3987279868856338
128,681,1328,647,0.5128012048192772,0.932996209912368
129,184,358,174,0.5139664804469274,0.52851642258169
134,51,99,48,0.5151515151515151,0.30151134457776363
135,554,1135,581,0.4881057268722467,-0.8014304392139584
136,490,983,493,0.49847405900305186,-0.09568513981642451
137,678,1355,677,0.5003690036900369,0.02716629124620806
138,231,462,231,0.5,0.0
153,380,757,377,0.5019815059445178,0.1090368546277221
154,799,1626,827,0.491389913899139,-0.69438089090082
155,237,489,252,0.48466257668711654,-0.6783234474692018
156,281,588,307,0.477891156462585,-1.0722219284950194
157,219,464,245,0.47198275862068967,-1.2070196981508372
158,68,155,87,0.43870967741935485,-1.5261167249147478
159,257,494,237,0.520242914979757,0.8998425413316951
160,253,487,234,0.5195071868583162,0.8609721834159432
161,377,770,393,0.4896103896103896,-0.5765999761251577
162,679,1414,735,0.4801980198019802,-1.4892353011455972
163,363,740,377,0.4905405405405405,-0.5146502354656654
169,340,670,330,0.5074626865671642,0.3863337046431279
170,502,956,454,0.5251046025104602,1.5524309456475622
171,365,741,376,0.4925775978407557,-0.4040950971038548
172,471,957,486,0.49216300940438873,-0.48488113787642695
173,138,259,121,0.5328185328185329,1.0563286022020402
190,159,335,176,0.4746268656716418,-0.9288092200038602
191,636,1320,684,0.4818181818181818,-1.3211565181516327
192,61,117,56,0.5213675213675214,0.4622501635210242
193,69,142,73,0.4859154929577465,-0.33567254331867563
194,114,233,119,0.4892703862660944,-0.3275608910402092
195,110,210,100,0.5238095238095238,0.6900655593423543
196,225,440,215,0.5113636363636364,0.4767312946227962
197,457,916,459,0.49890829694323147,-0.06608186004550898
198,239,474,235,0.5042194092827004,0.18372608486985015
199,324,656,332,0.49390243902439024,-0.31234752377721214
200,669,1416,747,0.4724576271186441,-2.0728266134656623
201,472,1008,536,0.46825396825396826,-2.0158105227158782
202,56,134,78,0.417910447761194,-1.9005105362789922
208,307,621,314,0.4943639291465378,-0.2809003238667948
209,383,764,381,0.5013089005235603,0.07235746052924216
210,420,853,433,0.492379835873388,-0.4451115223086355
211,425,908,483,0.46806167400881055,-1.9247976036399186
212,229,485,256,0.47216494845360824,-1.2260068448035495
231,78,163,85,0.4785276073619632,-0.5482823149915702
232,460,881,421,0.5221339387060159,1.3139433850319577
233,445,863,418,0.5156431054461182,0.9190906887192266
234,299,599,300,0.4991652754590985,-0.04085889232227185
235,292,578,286,0.5051903114186851,0.2495670992423109
236,85,169,84,0.5029585798816568,0.07692307692307693
237,264,532,268,0.49624060150375937,-0.173421993904824
238,373,743,370,0.5020188425302826,0.11005932573705796
239,337,689,352,0.48911465892597966,-0.5714544883195944
240,481,992,511,0.4848790322580645,-0.9525009525014287
241,745,1446,701,0.5152143845089903,1.1570937026840773
242,872,1793,921,0.48633575013943114,-1.1571933660092206
243,557,1135,578,0.4907488986784141,-0.623334786055301
244,386,811,425,0.4759556103575832,-1.369475225080216
245,37,89,52,0.4157303370786517,-1.58999682000954
247,159,307,148,0.5179153094462541,0.6278031600888846
249,185,357,172,0.5182072829131653,0.6880329612324521
251,291,533,242,0.5459662288930581,2.122425600938629
252,254,549,295,0.46265938069216755,-1.7498373590829117
253,356,678,322,0.5250737463126843,1.3057621334923666
254,379,739,360,0.5128552097428958,0.6989262981388242
255,48,99,51,0.48484848484848486,-0.30151134457776363
277,508,1027,519,0.4946445959104187,-0.3432475636778631
278,350,683,333,0.5124450951683748,0.6504869220243739
279,243,469,226,0.5181236673773987,0.7849870641173373
280,492,998,506,0.49298597194388777,-0.4431622564830429
281,39,89,50,0.43820224719101125,-1.1659976680069961
282,148,276,128,0.5362318840579711,1.203858530857692
283,301,615,314,0.4894308943089431,-0.5242105950545827
284,287,580,293,0.49482758620689654,-0.2491364395612199
285,207,403,196,0.5136476426799007,0.5479490295253897
286,597,1179,582,0.5063613231552163,0.43685202833051895
287,1051,2157,1106,0.4872508113120074,-1.1842342486515005
288,616,1268,652,0.48580441640378547,-1.0109807213431148
289,434,890,456,0.48764044943820223,-0.73744167546939
290,753,1444,691,0.5214681440443213,1.631578947368421
291,493,968,475,0.5092975206611571,0.5785419118799026
292,401,798,397,0.5025062656641605,0.14159846508095772
294,146,276,130,0.5289855072463768,0.9630868246861536
296,671,1320,649,0.5083333333333333,0.6055300708194984
297,92,178,86,0.5168539325842697,0.44971901339751685
298,311,622,311,0.5,0.0
299,208,428,220,0.48598130841121495,-0.5800418934273981
300,360,675,315,0.5333333333333333,1.7320508075688772
301,396,810,414,0.4888888888888889,-0.6324555320336759
326,102,215,113,0.4744186046511628,-0.7501937734175209
327,647,1333,686,0.48537134283570893,-1.0681925195463147
328,312,656,344,0.47560975609756095,-1.2493900951088486
329,137,269,132,0.5092936802973977,0.30485538042484617
330,494,974,480,0.5071868583162218,0.448588935278401
331,420,871,451,0.48220436280137774,-1.0503949287361305
332,218,462,244,0.47186147186147187,-1.2096294735180122
333,43,112,69,0.38392857142857145,-2.456769074559977
334,230,470,240,0.48936170212765956,-0.4612656040144425
335,499,990,491,0.5040404040404041,0.25425669046549126
336,552,1195,643,0.4619246861924686,-2.632433686338691
337,530,1035,505,0.5120772946859904,0.7770873402002615
338,671,1328,657,0.5052710843373494,0.3841749099639162
339,485,979,494,0.49540347293156284,-0.2876412474452669
340,623,1201,578,0.5187343880099917,1.2984971778557126
341,507,1007,500,0.5034756703078451,0.22058872208213906
342,470,878,408,0.5353075170842825,2.0923986518947637
343,454,878,424,0.5170842824601367,1.0124509605942404
344,262,543,281,0.48250460405156537,-0.8153680433034616
345,110,192,82,0.5729166666666666,2.0207259421636903
348,66,129,63,0.5116279069767442,0.26413527189768715
349,266,507,241,0.52465483234714,1.1102889792108188
350,449,844,395,0.5319905213270142,1.8587566552180885
351,644,1253,609,0.5139664804469274,0.9887636882920591
352,585,1193,608,0.490360435875943,-0.6658978523066598
379,34,63,29,0.5396825396825397,0.629940788348712
380,402,847,445,0.47461629279811096,-1.4774974853997065
381,306,664,358,0.4608433734939759,-2.0179913668364655
382,135,293,158,0.46075085324232085,-1.3436743470250678
383,84,186,102,0.45161290322580644,-1.3198240351921797
384,315,648,333,0.4861111111111111,-0.7071067811865476
385,244,468,224,0.5213675213675214,0.9245003270420484
386,155,302,147,0.5132450331125827,0.4603482701187488
387,199,403,204,0.49379652605459057,-0.24906774069335894
388,777,1539,762,0.5048732943469786,0.3823595564509362
389,566,1131,565,0.5004420866489832,0.02973505167250263
390,417,828,411,0.5036231884057971,0.20851441405707474
391,211,419,208,0.5035799522673031,0.14655959062380947
392,420,857,437,0.49008168028004667,-0.5807089378323818
393,195,380,185,0.5131578947368421,0.5129891760425771
394,423,842,419,0.502375296912114,0.13784910335911552
395,622,1216,594,0.5115131578947368,0.8029550685469661
396,615,1245,630,0.4939759036144578,-0.42511515094885177
397,561,1094,533,0.5127970749542962,0.8465436772196607
398,539,1033,494,0.5217812197483059,1.400110630395874
399,378,748,370,0.5053475935828877,0.29250896965085227
400,197,377,180,0.5225464190981433,0.8755445444618281
401,59,120,61,0.49166666666666664,-0.18257418583505536
403,167,317,150,0.526813880126183,0.9548151257129417
404,227,442,215,0.5135746606334841,0.5707817929853929
405,407,815,408,0.49938650306748467,-0.035028472205202936
406,644,1248,604,0.5160256410256411,1.1322770341445956
407,348,710,362,0.49014084507042255,-0.5254106375285611
436,62,131,69,0.4732824427480916,-0.6115928396627265
437,642,1232,590,0.5211038961038961,1.4814874939752933
438,571,1185,614,0.48185654008438816,-1.2491347216143724
439,683,1416,733,0.4823446327683616,-1.3287350086318348
440,113,228,115,0.4956140350877193,-0.13245323570650439
441,369,752,383,0.49069148936170215,-0.510527470242631
442,275,580,305,0.47413793103448276,-1.2456821978060995
443,184,348,164,0.5287356321839081,1.0721125348377947
444,207,405,198,0.5111111111111111,0.4472135954999579
445,300,618,318,0.4854368932038835,-0.7240661880382168
446,109,207,98,0.5265700483091788,0.7645528515426074
447,347,725,378,0.4786206896551724,-1.1513110966977216
448,130,237,107,0.5485232067510548,1.4940105456617512
449,51,106,55,0.4811320754716981,-0.38851434494290565
450,89,185,96,0.4810810810810811,-0.5146502354656654
452,35,75,40,0.4666666666666667,-0.5773502691896257
453,228,470,242,0.4851063829787234,-0.6457718456202195
454,569,1165,596,0.488412017167382,-0.7910442926672143
455,618,1221,603,0.5061425061425061,0.42927285527410686
456,612,1299,687,0.47113163972286376,-2.080926246066986
457,405,832,427,0.48677884615384615,-0.76271276980969
458,275,575,300,0.4782608695652174,-1.0425720702853738
459,399,836,437,0.4772727272727273,-1.3142574813455419
460,467,967,500,0.48293691830403307,-1.0612084582841468
461,189,382,193,0.49476439790575916,-0.20465780403866032
462,216,420,204,0.5142857142857142,0.5855400437691199
463,160,334,174,0.47904191616766467,-0.7660459172304158
464,333,626,293,0.5319488817891374,1.598721533954863
465,558,1093,535,0.5105215004574566,0.695693194621739
466,137,264,127,0.5189393939393939,0.6154574548966636
467,48,96,48,0.5,0.0
497,28,53,25,0.5283018867924528,0.4120816918460671
498,85,163,78,0.5214723926380368,0.5482823149915702
499,1022,2017,995,0.5066931085770947,0.6011887084461197
500,412,826,414,0.49878934624697335,-0.0695889000639221
501,171,336,165,0.5089285714285714,0.3273268353539886
502,55,114,59,0.4824561403508772,-0.3746343246326776
503,254,497,243,0.5110663983903421,0.4934174344178822
504,334,640,306,0.521875,1.1067971810589328
505,267,525,258,0.5085714285714286,0.3927922024247863
506,222,472,250,0.4703389830508475,-1.2888044650576527
507,349,720,371,0.4847222222222222,-0.8198915917499229
508,210,406,196,0.5172413793103449,0.6948083337796511
509,461,912,451,0.5054824561403509,0.33113308926626095
510,142,311,169,0.4565916398713826,-1.5310295382341053
511,61,145,84,0.4206896551724138,-1.9100460366360192
512,34,57,23,0.5964912280701754,1.4569855927715483
513,188,418,230,0.44976076555023925,-2.054287149786978
514,215,397,182,0.5415617128463476,1.6562225236540353
515,207,443,236,0.4672686230248307,-1.3778315806221817
516,162,318,156,0.5094339622641509,0.3364632924552266
517,769,1523,754,0.504924491135916,0.3843627636458541
518,899,1734,835,0.5184544405997693,1.5369347405698373
519,637,1257,620,0.5067621320604614,0.4794919082275405
520,482,974,492,0.4948665297741273,-0.3204206680560007
521,547,1086,539,0.503683241252302,0.2427588516137618
522,500,1002,502,0.499001996007984,-0.06318240236065635
523,417,891,474,0.468013468013468,-1.9095718489925029
524,294,570,276,0.5157894736842106,0.7539370349250518
525,327,638,311,0.512539184952978,0.6334460659719167
526,585,1199,614,0.48790658882402,-0.8375069242739662
527,515,1024,509,0.5029296875,0.1875
528,572,1177,605,0.48598130841121495,-0.9618906615929969
529,120,229,109,0.5240174672489083,0.7269004605005988
563,327,657,330,0.4977168949771689,-0.11704114719613057
564,685,1397,712,0.490336435218325,-0.7223797465394853
565,219,464,245,0.47198275862068967,-1.2070196981508372
567,180,387,207,0.46511627906976744,-1.372487132993442
568,241,527,286,0.4573055028462998,-1.9602307884106445
569,427,861,434,0.4959349593495935,-0.23855936180684895
570,321,632,311,0.5079113924050633,0.397778642087865
571,78,170,92,0.4588235294117647,-1.0737509843863184
572,152,328,176,0.4634146341463415,-1.3251783128981585
573,598,1205,607,0.4962655601659751,-0.2592680408620548
574,248,521,273,0.4760076775431862,-1.0952698858458088
575,324,693,369,0.4675324675324675,-1.7094086468945693
576,219,441,222,0.4965986394557823,-0.14285714285714285
577,203,445,242,0.45617977528089887,-1.848777306245911
578,68,134,66,0.5074626865671642,0.17277368511627203
579,464,877,413,0.5290763968072976,1.7221476343055946
580,139,249,110,0.5582329317269076,1.8378003265209861
581,280,587,307,0.47700170357751276,-1.1144092636075447
582,845,1618,773,0.5222496909765142,1.7899596365890622
583,622,1256,634,0.49522292993630573,-0.33859958878986024
584,845,1665,820,0.5075075075075075,0.6126788517448398
585,880,1716,836,0.5128205128205128,1.0621700090875885
586,513,1030,517,0.4980582524271845,-0.12463539056995115
587,105,213,108,0.49295774647887325,-0.2055566129482595
588,369,783,414,0.47126436781609193,-1.6081688022566925
589,334,696,362,0.47988505747126436,-1.0613372610104648
590,396,822,426,0.48175182481751827,-1.0463701596227337
591,553,1093,540,0.505946935041171,0.3932178926122873
592,688,1396,708,0.49283667621776506,-0.5352877275721892
593,351,704,353,0.49857954545454547,-0.07537783614444091
626,37,72,35,0.5138888888888888,0.23570226039551587
627,791,1613,822,0.4903905765654061,-0.7718706193040537
628,343,685,342,0.5007299270072992,0.03820803599504351
629,143,296,153,0.4831081081081081,-0.5812381937190965
630,139,277,138,0.5018050541516246,0.06008417681261097
631,169,332,163,0.5090361445783133,0.329292779969071
632,114,248,134,0.4596774193548387,-1.270001270001905
633,171,324,153,0.5277777777777778,1.0
634,251,512,261,0.490234375,-0.44194173824159216
635,95,194,99,0.4896907216494845,-0.28718326344709527
636,324,673,349,0.4814264487369985,-0.9636791806146247
637,503,951,448,0.5289169295478444,1.7834971965951842
638,350,671,321,0.5216095380029806,1.1195325828991654
639,414,788,374,0.5253807106598984,1.424940999758193
640,458,963,505,0.4755970924195223,-1.5145538328382064
641,277,568,291,0.4876760563380282,-0.5874269508076824
642,351,696,345,0.5043103448275862,0.227429413073671
643,589,1211,622,0.48637489677952106,-0.948291522977829
644,349,711,362,0.4908579465541491,-0.48753809040127705
645,494,969,475,0.5098039215686274,0.6103679378930738
646,924,1951,1027,0.47360328036904153,-2.331892845732292
647,673,1383,710,0.4866232827187274,-0.9949256649690831
648,893,1837,944,0.48611867174741424,-1.189914064865083
649,954,1921,967,0.4966163456533056,-0.296605820937579
650,741,1439,698,0.5149409312022237,1.1335431546223742
651,529,1047,518,0.5052531041069723,0.3399533649684771
652,775,1533,758,0.5055446836268754,0.4341880276029774
653,868,1753,885,0.49515116942384485,-0.406029850613567
654,588,1100,512,0.5345454545454545,2.2914862187910034
655,629,1231,602,0.5109666937449229,0.7695462703605499
656,686,1339,653,0.5123226288274833,0.9018278675079248
657,129,271,142,0.47601476014760147,-0.789693761000023
672,93,206,113,0.45145631067961167,-1.3934660285832354
673,35,59,24,0.5932203389830508,1.4320780207890627
674,125,250,125,0.5,0.0
675,115,233,118,0.49356223175965663,-0.19653653462412551
676,110,241,131,0.45643153526970953,-1.3527289154417448
677,310,571,261,0.542907180385289,2.0505861790615674
678,44,95,51,0.4631578947368421,-0.7181848464596079
691,61,105,44,0.580952380952381,1.6590301240125065
692,750,1506,756,0.49800796812749004,-0.15461042160902194
693,154,278,124,0.5539568345323741,1.7992804317122015
694,71,120,49,0.5916666666666667,2.008316044185609
695,312,654,342,0.47706422018348627,-1.1730928305086625
696,370,776,406,0.47680412371134023,-1.2923246855119286
697,109,242,133,0.45041322314049587,-1.5427784316797402
698,79,154,75,0.512987012987013,0.3223291856101521
699,60,136,76,0.4411764705882353,-1.3719886811400706
700,262,549,287,0.4772313296903461,-1.0669739994407998
701,351,733,382,0.47885402455661663,-1.1450111254873325
702,368,734,366,0.5013623978201635,0.07382134705255622
703,284,560,276,0.5071428571428571,0.3380617018914066
704,159,320,161,0.496875,-0.11180339887498948
705,394,818,424,0.48166259168704156,-1.0489254019125984
706,175,339,164,0.5162241887905604,0.5974379912529253
707,623,1215,592,0.5127572016460905,0.8893517313513328
708,586,1210,624,0.484297520661157,-1.092423191694531
709,496,970,474,0.511340206185567,0.7063774289747291
710,611,1231,620,0.49634443541835904,-0.25651542345351663
711,889,1747,858,0.5088723526044648,0.7416777342463622
712,722,1473,751,0.49015614392396467,-0.7556081341608543
713,993,1987,994,0.49974836436839454,-0.0224337081912659
714,965,1945,980,0.4961439588688946,-0.34011944068688865
715,753,1476,723,0.5101626016260162,0.7808688094430304
716,565,1180,615,0.4788135593220339,-1.455556274348955
717,996,2096,1100,0.4751908396946565,-2.2716305473186984
718,921,1832,911,0.5027292576419214,0.23363465675799888
719,666,1333,667,0.49962490622655664,-0.027389551783238836
720,539,1073,534,0.5023299161230196,0.15264062771816592
721,111,219,108,0.5068493150684932,0.2027212135198458
732,109,210,101,0.5190476190476191,0.5520524474738834
733,176,336,160,0.5238095238095238,0.8728715609439696
734,59,115,56,0.5130434782608696,0.27975144247209416
735,45,96,51,0.46875,-0.6123724356957946
736,262,517,255,0.5067698259187621,0.3078596479934797
737,264,568,304,0.4647887323943662,-1.6783627165933783
738,303,612,309,0.4950980392156863,-0.242535625036333
739,367,727,360,0.5048143053645117,0.2596156295432994
740,159,326,167,0.48773006134969327,-0.443079020497369
741,242,516,274,0.4689922480620155,-1.4087214501209981
742,208,407,199,0.5110565110565111,0.4461134373869487
755,127,262,135,0.4847328244274809,-0.49424165057217234
756,556,1063,507,0.5230479774223895,1.5028977967227737
757,152,273,121,0.5567765567765568,1.8762053512732877
758,155,290,135,0.5344827586206896,1.174440439029407
759,71,153,82,0.46405228758169936,-0.8892972917998876
760,84,157,73,0.535031847133758,0.8778955729143844
762,115,212,97,0.5424528301886793,1.2362450755382013
763,291,574,283,0.5069686411149826,0.3339135484518729
764,242,483,241,0.5010351966873706,0.045501575519329006
765,335,690,355,0.4855072463768116,-0.761386987626881
766,183,347,164,0.5273775216138329,1.0199734414805361
768,314,627,313,0.5007974481658692,0.03993615319154358
769,127,244,117,0.5204918032786885,0.6401843996644799
770,503,1023,520,0.4916911045943304,-0.531509589558614
771,116,218,102,0.5321100917431193,0.9481996460700349
772,418,854,436,0.4894613583138173,-0.6159473197462394
773,243,482,239,0.504149377593361,0.18219500746971076
774,511,1038,527,0.49229287090558765,-0.49661668419536065
775,646,1323,677,0.48828420256991684,-0.8522789688037332
776,542,1098,556,0.4936247723132969,-0.4225001481984198
777,771,1544,773,0.4993523316062176,-0.050898659855928764
778,675,1368,693,0.4934210526315789,-0.48666426339228763
779,721,1471,750,0.49014276002719237,-0.7561216293843481
780,634,1207,573,0.5252692626346314,1.7558046706353816
781,696,1434,738,0.48535564853556484,-1.1091102393416772
782,688,1368,680,0.5029239766081871,0.21629522817435007
783,592,1210,618,0.48925619834710743,-0.7474474469488896
784,342,692,350,0.49421965317919075,-0.3041143685078822
795,419,842,423,0.497624703087886,-0.13784910335911552
796,395,766,371,0.5156657963446475,0.8671552482359091
797,197,379,182,0.5197889182058048,0.7704982454062712
798,161,345,184,0.4666666666666667,-1.2382783747337807
799,240,468,228,0.5128205128205128,0.554700196225229
800,180,327,147,0.5504587155963303,1.8249041699107924
801,216,448,232,0.48214285714285715,-0.7559289460184544
802,150,278,128,0.539568345323741,1.319472316588948
803,119,257,138,0.46303501945525294,-1.18518743694843
804,214,420,206,0.5095238095238095,0.3903600291794133
805,103,193,90,0.533678756476684,0.9357604759733029
806,67,128,61,0.5234375,0.5303300858899106
807,147,309,162,0.47572815533980584,-0.8533201859828614
820,437,876,439,0.4988584474885845,-0.06757373783994859
821,871,1706,835,0.5105509964830012,0.8715915022394863
822,348,700,352,0.49714285714285716,-0.15118578920369088
823,174,363,189,0.4793388429752066,-0.787295821622217
825,86,173,87,0.49710982658959535,-0.07602859212697055
827,214,390,176,0.5487179487179488,1.9242047974589667
828,44,77,33,0.5714285714285714,1.2535663410560174
834,110,226,116,0.48672566371681414,-0.3991140631426436
835,631,1264,633,0.49920886075949367,-0.0562543950463012
836,179,339,160,0.528023598820059,1.03193834852778
837,375,742,367,0.5053908355795148,0.2936892392857409
838,139,287,148,0.4843205574912892,-0.5312532024908597
839,222,421,199,0.5273159144893111,1.1209514113057324
840,65,114,49,0.5701754385964912,1.4985372985307104
841,183,369,186,0.4959349593495935,-0.15617376188860607
842,360,751,391,0.4793608521970706,-1.1312060660116814
843,756,1508,752,0.5013262599469496,0.10300524052492095
844,579,1171,592,0.49444918872758326,-0.3798961609214223
845,632,1307,675,0.48355011476664117,-1.1894074701585071
846,347,685,338,0.5065693430656935,0.3438723239553916
847,486,1002,516,0.48502994011976047,-0.9477360354098452
848,582,1173,591,0.4961636828644501,-0.2627807231132027
859,322,649,327,0.49614791987673346,-0.19626716799471491
860,436,842,406,0.517814726840855,1.0338682751933663
861,361,691,330,0.5224312590448625,1.1792955782082268
862,59,130,71,0.45384615384615384,-1.0524696231684352
863,190,379,189,0.5013192612137203,0.051366549693751415
864,66,122,56,0.5409836065573771,0.9053574604251853
865,288,563,275,0.5115452930728241,0.5478846775494164
866,255,510,255,0.5,0.0
868,120,246,126,0.4878048780487805,-0.38254602783800296
869,91,190,99,0.4789473684210526,-0.5803810000880093
870,210,413,203,0.5084745762711864,0.34444748191358604
884,763,1527,764,0.4996725605762934,-0.02559060076303854
885,407,731,324,0.5567715458276333,3.0698658940395327
886,125,264,139,0.4734848484848485,-0.8616404368553291
887,239,459,220,0.5206971677559913,0.8868440532177395
889,93,201,108,0.4626865671641791,-1.0580184237878973
898,538,1113,575,0.4833782569631626,-1.1090577012608342
899,55,110,55,0.5,0.0
900,253,480,227,0.5270833333333333,1.18673220792786
901,60,110,50,0.5454545454545454,0.9534625892455924
902,61,161,100,0.37888198757763975,-3.0736305843324927
904,163,287,124,0.5679442508710801,2.3020972107937254
905,161,340,179,0.47352941176470587,-0.9761870601839528
906,487,949,462,0.5131717597471022,0.8115343414514944
907,611,1212,601,0.5041254125412541,0.287242494810713
908,598,1236,638,0.48381877022653724,-1.1377602479771485
909,599,1207,608,0.49627174813587405,-0.25905314812653174
910,432,873,441,0.4948453608247423,-0.3046038495400857
911,784,1590,806,0.4930817610062893,-0.5517268488330711
921,32,64,32,0.5,0.0
922,323,612,289,0.5277777777777778,1.3743685418725535
923,441,846,405,0.5212765957446809,1.2377054955105522
924,351,706,355,0.4971671388101983,-0.15054198589899628
925,79,164,85,0.4817073170731707,-0.4685212856658182
926,64,129,65,0.49612403100775193,-0.08804509063256238
927,95,201,106,0.472636815920398,-0.775880177444458
929,181,390,209,0.4641025641025641,-1.4178351139171335
930,322,672,350,0.4791666666666667,-1.0801234497346432
931,69,137,68,0.5036496350364964,0.0854357657716761
932,30,73,43,0.410958904109589,-1.5215349135496974
933,169,301,132,0.5614617940199336,2.1326445455056695
934,114,229,115,0.4978165938864629,-0.06608186004550898
948,65,125,60,0.52,0.4472135954999579
949,502,1031,529,0.486905916585839,-0.8408807908168044
950,62,132,70,0.4696969696969697,-0.6963106238227914
951,74,131,57,0.5648854961832062,1.4852968963237645
954,58,123,65,0.4715447154471545,-0.6311687442672026
959,259,524,265,0.49427480916030536,-0.26211121699831136
962,61,115,54,0.5304347826086957,0.6527533657682196
963,31,70,39,0.44285714285714284,-0.9561828874675149
964,248,533,285,0.4652908067542214,-1.6026479027495768
966,29,68,39,0.4264705882352941,-1.212678125181665
967,114,230,116,0.4956521739130435,-0.1318760946791574
968,353,694,341,0.5086455331412104,0.455513770800674
969,244,520,276,0.46923076923076923,-1.403292830891247
970,171,330,159,0.5181818181818182,0.6605782590758164
971,507,1065,558,0.476056338028169,-1.5627711032415337
972,448,890,442,0.503370786516854,0.20112045694619726
973,476,998,522,0.47695390781563124,-1.4561045570157123
974,668,1320,652,0.5060606060606061,0.4403855060505443
975,624,1261,637,0.4948453608247423,-0.36608826607349904
976,143,282,139,0.5070921985815603,0.23819653367016547
986,480,916,436,0.5240174672489083,1.4538009210011975
987,204,350,146,0.5828571428571429,3.1002304061841226
988,258,517,259,0.4990328820116054,-0.04397994971335425
989,38,63,25,0.6031746031746031,1.6378460497066512
990,111,229,118,0.4847161572052402,-0.46257302031856284
991,182,371,189,0.49056603773584906,-0.3634218921558155
993,125,238,113,0.5252100840336135,0.7778444682625973
994,236,456,220,0.5175438596491229,0.7492686492653552
995,182,345,163,0.527536231884058,1.0229256139105145
996,25,52,27,0.4807692307692308,-0.2773500981126146
997,115,232,117,0.4956896551724138,-0.13130643285972254
998,36,77,41,0.4675324675324675,-0.5698028822981898
1012,178,367,189,0.48501362397820164,-0.5741953260690686
1013,198,398,200,0.49748743718592964,-0.1002509414234171
1014,426,858,432,0.4965034965034965,-0.20483662259967567
1018,86,161,75,0.5341614906832298,0.8669214468630108
1021,46,96,50,0.4791666666666667,-0.4082482904638631
1022,97,180,83,0.5388888888888889,1.0434983894999017
1023,181,377,196,0.48010610079575594,-0.7725393039369071
1026,61,105,44,0.580952380952381,1.6590301240125065
1027,157,358,201,0.43854748603351956,-2.3254722593594357
1028,391,823,432,0.47509113001215064,-1.429170157470287
1030,184,396,212,0.46464646464646464,-1.407052941362897
1031,266,584,318,0.4554794520547945,-2.1517753103661565
1032,263,498,235,0.5281124497991968,1.2547100018550184
1033,97,221,124,0.43891402714932126,-1.8162165437900435
1034,589,1172,583,0.5025597269624573,0.1752618713510958
1035,418,864,446,0.4837962962962963,-0.9525793444156804
1036,304,626,322,0.48562300319488816,-0.7194246902796884
1037,492,993,501,0.4954682779456193,-0.2856063671889196
1038,686,1366,680,0.5021961932650073,0.16234013422468227
1039,383,777,394,0.4929214929214929,-0.3946228018337964
1049,181,389,208,0.4652956298200514,-1.3689543417211634
1050,200,400,200,0.5,0.0
1051,160,313,153,0.5111821086261981,0.39566339326095507
1052,197,378,181,0.5211640211640212,0.8229511997978235
1053,116,262,146,0.44274809160305345,-1.8534061896456462
1054,136,278,142,0.4892086330935252,-0.3598560863424403
1055,106,237,131,0.4472573839662447,-1.6239245061540772
1056,54,103,49,0.5242718446601942,0.4926646390821466
1058,109,239,130,0.4560669456066946,-1.3583770774416168
1059,284,537,253,0.5288640595903166,1.3377487412065197
1060,40,87,47,0.45977011494252873,-0.7504787743864564
1062,140,310,170,0.45161290322580644,-1.7038855027411943
1063,58,109,51,0.5321100917431193,0.6704783996548059
1077,163,340,177,0.47941176470588237,-0.7592566023652966
1078,277,561,284,0.49376114081996436,-0.29554023164452436
1079,153,338,185,0.4526627218934911,-1.7405705383053478
1080,57,115,58,0.4956521739130435,-0.09325048082403138
1086,122,239,117,0.5104602510460251,0.32342311367657545
1087,27,52,25,0.5192307692307693,0.2773500981126146
1089,104,204,100,0.5098039215686274,0.28005601680560194
1091,29,62,33,0.46774193548387094,-0.508000508000762
1092,194,393,199,0.49363867684478374,-0.25221663615265916
1093,205,395,190,0.5189873417721519,0.7547319081399414
1094,101,191,90,0.5287958115183246,0.7959320658216638
1095,247,526,279,0.4695817490494297,-1.3952663046302316
1096,63,137,74,0.45985401459854014,-0.939793423488437
1097,107,239,132,0.4476987447698745,-1.6171155683828773
1098,290,572,282,0.506993006993007,0.3344968040028363
1099,419,803,384,0.5217932752179327,1.2351231781710246
1100,293,579,286,0.5060449050086355,0.29091007222318394
1101,358,704,346,0.5085227272727273,0.45226701686664544
1102,492,993,501,0.4954682779456193,-0.2856063671889196
1103,554,1110,556,0.4990990990990991,-0.060030022518766414
1113,316,675,359,0.46814814814814815,-1.655070771676927
1114,139,263,124,0.5285171102661597,0.9249396239673111
1115,109,226,117,0.4823008849557522,-0.5321520841901914
1116,321,668,347,0.4805389221556886,-1.005970202294378
1117,221,419,198,0.5274463007159904,1.1236235281158724
1118,228,435,207,0.5241379310344828,1.0068729331193067
1119,192,377,185,0.5092838196286472,0.3605183418372233
1120,70,135,65,0.5185185185185185,0.43033148291193524
1122,52,99,47,0.5252525252525253,0.502518907629606
1123,219,435,216,0.503448275862069,0.14383899044561524
1124,207,389,182,0.532133676092545,1.2675503164084845
1125,77,148,71,0.5202702702702703,0.4931969619160719
1127,109,221,112,0.49321266968325794,-0.20180183819889375
1140,88,193,105,0.45595854922279794,-1.2236867762727808
1141,480,935,455,0.5133689839572193,0.8175874252096607
1142,384,714,330,0.5378151260504201,2.0208992091258233
1143,216,426,210,0.5070422535211268,0.29070094986690553
1145,56,98,42,0.5714285714285714,1.4142135623730951
1146,165,346,181,0.476878612716763,-0.8601653289127525
1148,78,159,81,0.49056603773584906,-0.23791547571544325
1149,165,305,140,0.5409836065573771,1.4314958357846708
1152,43,84,41,0.5119047619047619,0.2182178902359924
1153,97,184,87,0.5271739130434783,0.7372097807744856
1154,157,335,178,0.46865671641791046,-1.1473525658871215
1155,158,333,175,0.4744744744744745,-0.9315942613970246
1156,272,530,258,0.5132075471698113,0.6081211398682972
1157,38,89,51,0.42696629213483145,-1.3779972440082682
1158,153,267,114,0.5730337078651685,2.3867612393122077
1159,62,122,60,0.5081967213114754,0.18107149208503706
1160,315,677,362,0.465288035450517,-1.8063567387566064
1161,325,618,293,0.5258899676375405,1.2872287787346075
1162,482,1039,557,0.4639076034648701,-2.326770182091366
1163,525,1042,517,0.5038387715930902,0.2478312843235159
1164,425,891,466,0.4769921436588103,-1.3735516808542565
1165,682,1359,677,0.5018395879323032,0.13563140979519323
1166,536,1091,555,0.4912923923006416,-0.575229599877839
1167,120,245,125,0.4897959183673469,-0.3194382824999699
1176,226,455,229,0.4967032967032967,-0.14064216928154863
1177,118,251,133,0.4701195219123506,-0.9467916046467048
1178,244,463,219,0.5269978401727862,1.1618485308504327
1179,105,193,88,0.5440414507772021,1.2236867762727808
1180,484,996,512,0.4859437751004016,-0.8872139507342691
1181,114,230,116,0.4956521739130435,-0.1318760946791574
1182,248,521,273,0.4760076775431862,-1.0952698858458088
1183,120,235,115,0.5106382978723404,0.3261640365267211
1184,95,207,112,0.45893719806763283,-1.1815816796567569
1185,135,292,157,0.4623287671232877,-1.2874526191574363
1186,105,210,105,0.5,0.0
1187,143,326,183,0.4386503067484663,-2.2153951024868452
1188,158,322,164,0.4906832298136646,-0.3343669275452117
1189,65,146,81,0.4452054794520548,-1.3241694217637887
1190,148,294,146,0.5034013605442177,0.11664236870396086
1205,203,414,211,0.49033816425120774,-0.3931785497463924
1206,374,754,380,0.4960212201591512,-0.21850711221876892
1207,242,468,226,0.5170940170940171,0.7396002616336388
1208,187,350,163,0.5342857142857143,1.282853961179637
1210,178,324,146,0.5493827160493827,1.7777777777777777
1211,153,295,142,0.5186440677966102,0.6404447607135402
1212,245,478,233,0.5125523012552301,0.5488672244956179
1213,170,351,181,0.4843304843304843,-0.5871365639519862
1214,153,299,146,0.5117056856187291,0.40482045237636816
1215,79,166,87,0.4759036144578313,-0.6209204205650662
1217,191,392,201,0.4872448979591837,-0.5050762722761054
1218,116,224,108,0.5178571428571429,0.5345224838248488
1219,50,94,44,0.5319148936170213,0.618852747755276
1220,291,616,325,0.4724025974025974,-1.3698990388431465
1221,320,636,316,0.5031446540880503,0.15861031714362883
1222,273,554,281,0.4927797833935018,-0.3398874309296699
1223,190,371,181,0.5121293800539084,0.4672567184860485
1224,276,543,267,0.5082872928176796,0.3862269678805871
1225,305,645,340,0.4728682170542636,-1.378123654176776
1226,548,1111,563,0.49324932493249324,-0.4500225016876407
1227,479,960,481,0.49895833333333334,-0.06454972243679027
1228,422,848,426,0.49764150943396224,-0.13736056394868904
1229,741,1460,719,0.5075342465753425,0.5757663148492351
1230,448,920,472,0.48695652173913045,-0.7912565680749444
1231,107,185,78,0.5783783783783784,2.1321224040720423
1240,218,420,202,0.5190476190476191,0.7807200583588266
1241,306,696,390,0.4396551724137931,-3.1840117830313943
1242,318,644,326,0.4937888198757764,-0.31524416249564025
1243,184,339,155,0.5427728613569321,1.5750637951213484
1244,432,840,408,0.5142857142857142,0.8280786712108251
1245,227,452,225,0.5022123893805309,0.09407208683835973
1246,307,612,305,0.5016339869281046,0.08084520834544433
1247,139,260,121,0.5346153846153846,1.116312611302876
1248,162,322,160,0.5031055900621118,0.11145564251507056
1249,73,151,78,0.48344370860927155,-0.40689422938557973
1250,147,289,142,0.5086505190311419,0.29411764705882354
1251,566,1063,497,0.5324553151458138,2.116325468854518
1252,198,425,227,0.46588235294117647,-1.4067066252107312
1253,201,390,189,0.5153846153846153,0.6076436202502
1254,120,267,147,0.449438202247191,-1.6523731656776823
1269,474,971,497,0.4881565396498455,-0.738105125376532
1270,444,940,496,0.4723404255319149,-1.6960529899389498
1271,209,439,230,0.4760820045558087,-1.00227531579703
1272,141,305,164,0.46229508196721314,-1.316976168921897
1273,167,333,166,0.5015015015015015,0.0547996624351191
1274,278,592,314,0.46959459459459457,-1.4795908857482156
1275,371,706,335,0.5254957507082153,1.3548778730909665
1276,314,623,309,0.5040128410914928,0.20032077005375098
1277,329,598,269,0.5501672240802675,2.453582460328592
1278,137,303,166,0.4521452145214521,-1.6660064699021355
1281,178,374,196,0.47593582887700536,-0.9307578419910345
1282,277,542,265,0.511070110701107,0.5154441355050693
1283,405,767,362,0.5280312907431551,1.5526400110493555
1284,704,1356,652,0.5191740412979351,1.412126161143278
1285,598,1205,607,0.4962655601659751,-0.2592680408620548
1286,333,625,292,0.5328,1.64
1287,111,232,121,0.47844827586206895,-0.6565321642986127
1288,431,942,511,0.4575371549893843,-2.6065408498042983
1289,502,994,492,0.5050301810865191,0.3171807398477756
1290,612,1180,568,0.5186440677966102,1.2808895214270803
1291,497,964,467,0.5155601659751037,0.9662349396012463
1292,623,1202,579,0.5183028286189684,1.2691134379830742
1293,472,1013,541,0.46594274432379074,-2.1679255714430976
1294,114,235,121,0.4851063829787234,-0.45662965113740955
1303,131,267,136,0.49063670411985016,-0.30599503068105227
1304,500,1031,531,0.48496605237633367,-0.9654557227896644
1305,630,1264,634,0.49841772151898733,-0.1125087900926024
1306,447,941,494,0.47502656748140276,-1.5321562116011997
1307,324,612,288,0.5294117647058824,1.455213750217998
1308,451,892,441,0.5056053811659192,0.3348247650912125
1309,425,844,419,0.5035545023696683,0.20652851724645427
1310,579,1167,588,0.4961439588688946,-0.2634553859003402
1311,144,296,152,0.4864864864864865,-0.46499055497527714
1312,237,492,255,0.4817073170731707,-0.811502671200689
1313,264,506,242,0.5217391304347826,0.9780192938436515
1314,192,402,210,0.47761194029850745,-0.8977584024968696
1315,287,561,274,0.5115864527629234,0.5488604301969738
1316,383,755,372,0.5072847682119205,0.40033098888576146
1317,292,589,297,0.49575551782682514,-0.2060214108575823
1318,356,690,334,0.5159420289855072,0.837525686389569
1319,155,284,129,0.545774647887324,1.5428161556520092
1320,86,187,101,0.45989304812834225,-1.096908636190696
1334,786,1604,818,0.49002493765586036,-0.7990018711022757
1335,435,868,433,0.5011520737327189,0.06788442333021306
1336,283,599,316,0.4724540901502504,-1.3483434466349709
1337,301,618,317,0.48705501618122976,-0.6436143893673038
1338,633,1320,687,0.47954545454545455,-1.486301082920587
1339,484,999,515,0.4844844844844845,-0.9807965956109157
1340,510,1055,545,0.4834123222748815,-1.0775608756623887
1341,481,984,503,0.4888211382113821,-0.7013343843696721
1342,184,387,203,0.4754521963824289,-0.9658242787731629
1343,40,62,22,0.6451612903225806,2.286002286003429
1344,53,113,60,0.4690265486725664,-0.658504607868518
1345,30,53,23,0.5660377358490566,0.9615239476408232
1346,474,937,463,0.5058697972251868,0.35935433621164065
1347,982,2001,1019,0.49075462268865566,-0.8271383929183074
1348,553,1084,531,0.5101476014760148,0.6682024131538656
1349,809,1630,821,0.496319018404908,-0.297226442770842
1350,783,1618,835,0.48393077873918416,-1.2927486264254338
1351,301,595,294,0.5058823529411764,0.2869720215917757
1352,151,325,174,0.4646153846153846,-1.275810451318027
1353,890,1830,940,0.48633879781420764,-1.168811455530461
1354,837,1693,856,0.4943886591848789,-0.46176936989648987
1355,404,784,380,0.5153061224489796,0.8571428571428571
1356,586,1167,581,0.5021422450728363,0.14636410327796678
1357,697,1371,674,0.5083880379285193,0.6211680486888304
1358,117,259,142,0.4517374517374517,-1.553424415003
1367,58,116,58,0.5,0.0
1368,458,948,490,0.4831223628691983,-1.0393116839386094
1369,904,1850,946,0.48864864864864865,-0.9764801654480819
1370,457,954,497,0.4790356394129979,-1.2950478164763521
1371,300,612,312,0.49019607843137253,-0.485071250072666
1372,344,697,353,0.4935437589670014,-0.3408993085853566
1373,665,1325,660,0.5018867924528302,0.137360563948689
1374,505,1010,505,0.5,0.0
1375,323,610,287,0.5295081967213114,1.4575973943220488
1376,432,883,451,0.48924122310305773,-0.6394009087292614
1377,371,770,399,0.4818181818181818,-1.009049958219026
1378,252,551,299,0.4573502722323049,-2.0022673173588332
1379,439,886,447,0.49548532731376976,-0.26876525627335834
1380,429,873,444,0.49140893470790376,-0.5076730825668095
1381,524,1075,551,0.4874418604651163,-0.8234922797960652
1382,306,637,331,0.4803767660910518,-0.9905360646879091
1383,548,1131,583,0.484526967285588,-1.040726808537592
1384,112,219,107,0.5114155251141552,0.33786868919974294
1397,138,282,144,0.48936170212765956,-0.3572948005052482
1398,928,1866,938,0.49732047159699894,-0.23149636727175965
1399,629,1183,554,0.5316990701606086,2.1805642673609262
1400,711,1437,726,0.49478079331941544,-0.3956971069107487
1401,542,1088,546,0.49816176470588236,-0.12126781251816648
1402,271,537,266,0.5046554934823091,0.21576592600105154
1403,704,1479,775,0.4759972954699121,-1.8461809345978204
1404,736,1413,677,0.5208775654635527,1.5695708727863236
1405,641,1269,628,0.5051221434200157,0.3649324991288249
1406,438,890,452,0.49213483146067416,-0.46928106620779364
1407,403,806,403,0.5,0.0
1408,194,368,174,0.5271739130434783,1.0425720702853738
1409,291,592,301,0.49155405405405406,-0.41099746826339323
1410,711,1539,828,0.4619883040935672,-2.9824045403173027
1411,913,1874,961,0.4871931696905016,-1.108808238475818
1412,899,1822,923,0.4934138309549945,-0.5622598279801461
1413,940,1927,987,0.4878048780487805,-1.0706733691535593
1414,903,1807,904,0.4997232982844494,-0.023524528286477348
1415,467,994,527,0.46981891348088534,-1.9030844390866537
1416,998,1972,974,0.5060851926977687,0.5404528189332539
1417,693,1436,743,0.48259052924791085,-1.3194495349231488
1418,455,936,481,0.4861111111111111,-0.8498365855987974
1419,570,1087,517,0.5243790248390064,1.6075374437115557
1420,626,1229,603,0.5093572009764036,0.656072591192899
1421,252,494,242,0.5101214574898786,0.44992127066584753
1431,418,880,462,0.475,-1.4832396974191326
1432,590,1146,556,0.5148342059336823,1.004353525154565
1433,1034,2072,1038,0.49903474903474904,-0.08787495503274936
1434,327,614,287,0.5325732899022801,1.6142686245425235
1435,306,617,311,0.4959481361426256,-0.20129242055711863
1436,420,791,371,0.5309734513274337,1.742239429610206
1437,408,833,425,0.4897959183673469,-0.5890150893739515
1438,217,431,214,0.5034802784222738,0.1445049152577264
1439,216,457,241,0.4726477024070022,-1.16945067431247
1440,386,856,470,0.45093457943925236,-2.8710608935035857
1441,516,1020,504,0.5058823529411764,0.3757345746510897
1442,670,1464,794,0.4576502732240437,-3.2407919156337632
1443,609,1248,639,0.4879807692307692,-0.8492077756084467
1444,871,1746,875,0.4988545246277205,-0.09572775448236508
1445,760,1570,810,0.4840764331210191,-1.2618861628126719
1446,750,1497,747,0.501002004008016,0.07753724297456155
1447,681,1383,702,0.4924078091106291,-0.5646875395770472
1448,549,1115,566,0.4923766816143498,-0.5091098360001578
1449,191,394,203,0.4847715736040609,-0.6045512662318541
1452,53,109,56,0.48623853211009177,-0.2873478855663454
1462,488,964,476,0.5062240663900415,0.3864939758404985
1463,685,1402,717,0.48858773181169757,-0.8546257450202136
1464,746,1497,751,0.4983299933199733,-0.1292287382909359
1465,716,1427,711,0.5017519271198319,0.13236038379484305
1466,563,1189,626,0.4735071488645921,-1.827046590282086
1467,609,1226,617,0.4967373572593801,-0.22847819119101592
1468,917,1822,905,0.5032930845225028,0.28112991399007303
1469,674,1355,681,0.4974169741697417,-0.1901640387234564
1470,985,2001,1016,0.49225387306346824,-0.6930078427153387
1471,725,1439,714,0.5038220986796387,0.2899761558336306
1472,834,1678,844,0.4970202622169249,-0.24412037125463698
1473,574,1164,590,0.49312714776632305,-0.46896830540843937
1474,688,1355,667,0.5077490774907749,0.5704921161703693
1475,722,1416,694,0.5098870056497176,0.7440916048338274
1476,794,1538,744,0.5162548764629389,1.2749461346636917
1477,734,1509,775,0.48641484426772696,-1.0554538218446075
1478,812,1709,897,0.4751316559391457,-2.0561173337981544
1479,933,1910,977,0.4884816753926702,-1.006783276303806
1480,573,1175,602,0.4876595744680851,-0.8460169506877884
1481,1008,1976,968,0.5101214574898786,0.8998425413316951
1482,565,1090,525,0.518348623853211,1.2115650656307653
1483,490,993,503,0.49345417925478346,-0.41254253038399497
1484,801,1567,766,0.5111678366305041,0.8841654619669841
1485,348,701,353,0.4964336661911555,-0.18884739365012448
1495,343,674,331,0.5089020771513353,0.4622227294628072
1496,508,1016,508,0.5,0.0
1497,852,1646,794,0.5176184690157959,1.4295951894967753
1498,613,1233,620,0.49716139497161393,-0.19935012013391087
1499,507,1023,516,0.49560117302052786,-0.2813874297663251
1500,290,592,302,0.48986486486486486,-0.4931969619160719
1501,480,947,467,0.5068637803590285,0.4224432380033338
1502,367,716,349,0.5125698324022346,0.6726915834767423
1503,358,714,356,0.5014005602240896,0.07484811885651198
1504,424,895,471,0.47374301675977654,-1.5710367355924577
1505,586,1180,594,0.4966101694915254,-0.2328890038958328
1506,768,1549,781,0.49580374435119434,-0.3303068980038832
1507,903,1918,1015,0.4708029197080292,-2.5573709127542408
1508,723,1401,678,0.5160599571734475,1.2022462915768457
1509,922,1875,953,0.49173333333333336,-0.7159143337951359
1510,745,1447,702,0.5148583275742916,1.130405312880774
1511,603,1228,625,0.49104234527687296,-0.6278031600888846
1512,658,1271,613,0.5177025963808025,1.2622336052697325
1513,395,809,414,0.48825710754017304,-0.6680044262378985
1515,266,542,276,0.4907749077490775,-0.42953677958755776
1516,321,674,353,0.4762611275964392,-1.2325939452341526
1526,630,1229,599,0.5126118795768918,0.8842717533469507
1527,862,1685,823,0.511572700296736,0.950089797411487
1528,639,1299,660,0.49191685912240185,-0.5826593488987561
1529,689,1418,729,0.48589562764456984,-1.0622381034562893
1530,689,1316,627,0.5235562310030395,1.709085323901911
1531,648,1309,661,0.4950343773873186,-0.3593134953348084
1532,899,1763,864,0.5099262620533183,0.8335696394016967
1533,758,1508,750,0.5026525198938993,0.2060104810498419
1534,816,1671,855,0.4883303411131059,-0.9540615248388009
1535,782,1546,764,0.5058214747736093,0.4577915375473156
1536,821,1622,801,0.5061652281134402,0.4965975478570227
1537,633,1222,589,0.5180032733224222,1.2586850489193708
1538,716,1484,768,0.48247978436657685,-1.349852742293029
1539,1037,2068,1031,0.5014506769825918,0.13193984914006274
1540,652,1319,667,0.4943138741470811,-0.4130178877331663
1541,681,1395,714,0.4881720430107527,-0.8835412617927487
1542,1042,2133,1091,0.48851383028598216,-1.0609640106873306
1543,599,1212,613,0.49422442244224424,-0.4021394927349982
1544,688,1368,680,0.5029239766081871,0.21629522817435007
1545,778,1552,774,0.5012886597938144,0.10153461651336192
1546,274,518,244,0.528957528957529,1.3181243254912405
1547,329,717,388,0.45885634588563456,-2.20339537657115
1548,404,764,360,0.5287958115183246,1.5918641316433275
1558,40,90,50,0.4444444444444444,-1.0540925533894598
1559,718,1445,727,0.49688581314878894,-0.23676013879409538
1560,631,1331,700,0.4740796393688956,-1.8912984341696082
1561,987,2005,1018,0.49226932668329176,-0.6923162179495077
1562,469,890,421,0.5269662921348315,1.608963655569578
1563,335,666,331,0.503003003003003,0.15499685165842572
1564,882,1706,824,0.5169988276670574,1.4042307536080614
1565,634,1342,708,0.47242921013412814,-2.020019034600672
1566,483,1075,592,0.4493023255813953,-3.3244688332507817
1567,494,1020,526,0.4843137254901961,-1.0019588657362393
1568,270,560,290,0.48214285714285715,-0.8451542547285166
1569,302,629,327,0.48012718600953896,-0.996815278536125
1570,326,701,375,0.46504992867332384,-1.85070445777122
1571,221,458,237,0.48253275109170307,-0.7476309016255964
1572,587,1217,630,0.48233360723089563,-1.232602846882553
1573,643,1310,667,0.4908396946564885,-0.6630947567946451
1574,862,1685,823,0.511572700296736,0.950089797411487
1575,586,1207,621,0.4855012427506214,-1.0074289093809567
1576,240,475,235,0.5052631578947369,0.22941573387056174
1577,452,908,456,0.4977973568281938,-0.1327446623199944
1578,496,965,469,0.5139896373056995,0.8691607529725282
1579,511,979,468,0.5219611848825332,1.3742859600162751
1580,645,1344,699,0.4799107142857143,-1.4729707590929486
1581,388,753,365,0.5152722443559097,0.8381665946408541
1591,684,1382,698,0.49493487698986977,-0.3765945356529312
1592,756,1411,655,0.5357902197023388,2.6887960837282603
1593,840,1706,866,0.492379835873388,-0.6294827516174067
1594,666,1370,704,0.48613138686131385,-1.0266521312207686
1595,675,1380,705,0.4891304347826087,-0.8075728530872482
1596,813,1639,826,0.4960341671751068,-0.3211100332397353
1597,734,1486,752,0.4939434724091521,-0.4669421733689568
1598,819,1718,899,0.4767171129220023,-1.9300937626135233
1599,775,1515,740,0.5115511551155115,0.899211242192739
1600,743,1520,777,0.4888157894736842,-0.872081599272381
1601,647,1322,675,0.48940998487140697,-0.7700914537905289
1602,794,1570,776,0.5057324840764331,0.45427901861256187
1603,853,1682,829,0.5071343638525565,0.5851918189130049
1604,926,1835,909,0.5046321525885559,0.3968541142673201
1605,537,1119,582,0.47989276139410186,-1.34523287000089
1606,630,1298,668,0.48536209553158705,-1.054742025141401
1607,721,1456,735,0.4951923076923077,-0.36689969285267143
1608,529,1032,503,0.5125968992248062,0.8093446482740975
1609,258,510,252,0.5058823529411764,0.2656844656620286
1610,133,268,135,0.4962686567164179,-0.12216944435630522
1612,68,147,79,0.46258503401360546,-0.9072647087265548
1623,512,1066,554,0.4803001876172608,-1.2863841728465464
1624,760,1564,804,0.4859335038363171,-1.112587822333182
1625,700,1398,698,0.5007153075822603,0.05349046951599404
1626,762,1556,794,0.4897172236503856,-0.8112322025014301
1627,246,503,257,0.48906560636182905,-0.4904657582744808
1628,447,906,459,0.49337748344370863,-0.39867329651105726
1629,359,690,331,0.5202898550724637,1.0659417826776334
1630,275,569,294,0.4833040421792619,-0.7965214354856052
1631,344,710,366,0.48450704225352115,-0.8256452875448816
1632,264,532,268,0.49624060150375937,-0.173421993904824
1634,91,189,98,0.48148148148148145,-0.5091750772173156
1635,309,624,315,0.4951923076923077,-0.24019223070763068
1636,449,870,421,0.5160919540229885,0.9492889050691345
1637,602,1213,611,0.4962901896125309,-0.2584116618390964
1638,891,1803,912,0.49417637271214643,-0.49456278275851917
1639,158,334,176,0.47305389221556887,-0.984916179296249
1640,135,296,161,0.4560810810810811,-1.5112193036696506
1641,526,1047,521,0.5023877745940784,0.15452425680385323
1642,524,1085,561,0.48294930875576036,-1.1232769703299952
1643,815,1618,803,0.5037082818294191,0.298326606098177
1644,598,1205,607,0.4962655601659751,-0.2592680408620548
1645,106,220,114,0.4818181818181818,-0.5393598899705937
1654,149,309,160,0.48220064724919093,-0.6257681363874317
1655,858,1832,974,0.4683406113537118,-2.7101620183927873
1656,716,1450,734,0.49379310344827587,-0.4727031582950012
1657,863,1701,838,0.5073486184597296,0.6061608062110899
1658,841,1695,854,0.49616519174041296,-0.31576100891221914
1659,899,1823,924,0.4931431705979155,-0.5855266604555456
1660,656,1303,647,0.5034535686876439,0.24932756842673892
1661,757,1565,808,0.4837060702875399,-1.2891783548721747
1662,985,1962,977,0.5020387359836901,0.18060945639429235
1663,949,1835,886,0.5171662125340599,1.4706946587553626
1664,535,1064,529,0.5028195488721805,0.18394180184548975
1665,846,1701,855,0.4973544973544973,-0.21821789023599236
1666,988,2013,1025,0.49080973671137607,-0.8246693175801874
1667,665,1393,728,0.47738693467336685,-1.6879710397858663
1668,601,1236,635,0.48624595469255666,-0.9670962107805762
1669,710,1406,696,0.5049786628733998,0.37336652294386546
1670,518,1029,511,0.5034013605442177,0.21821789023599236
1671,543,1054,511,0.5151802656546489,0.985665765813916
1672,492,948,456,0.5189873417721519,1.1692256444309357
1686,100,193,93,0.5181347150259067,0.5038710255240862
1687,636,1253,617,0.5075818036711891,0.5367574307871178
1688,676,1270,594,0.5322834645669291,2.300975486391886
1689,658,1281,623,0.5136612021857924,0.977897823397447
1690,672,1322,650,0.5083207261724659,0.6050718565497013
1691,241,484,243,0.49793388429752067,-0.09090909090909091
1692,275,591,316,0.4653130287648054,-1.6865146430689406
1693,292,555,263,0.5261261261261261,1.2309814439362257
1694,53,112,59,0.4732142857142857,-0.5669467095138409
1695,346,697,351,0.4964131994261119,-0.18938850476964256
1696,287,576,289,0.4982638888888889,-0.08333333333333333
1700,114,232,118,0.49137931034482757,-0.2626128657194451
1701,224,431,207,0.5197215777262181,0.8188611864604497
1702,482,960,478,0.5020833333333333,0.12909944487358055
1703,204,378,174,0.5396825396825397,1.543033499620919
1704,88,179,91,0.49162011173184356,-0.22423052782558076
1705,146,286,140,0.5104895104895105,0.35478743759344955
1706,379,798,419,0.474937343358396,-1.4159846508095772
1707,642,1320,678,0.4863636363636364,-0.9908673886137246
1708,825,1622,797,0.5086313193588162,0.6952365669998317
1709,192,379,187,0.5065963060686016,0.25683274846875703
1719,410,791,381,0.5183312262958281,1.031121295075428
1720,801,1591,790,0.5034569453174105,0.2757767158101451
1721,588,1223,635,0.4807849550286182,-1.3439546968963998
1722,561,1142,581,0.4912434325744308,-0.5918299561721821
1723,690,1369,679,0.504017531044558,0.2972972972972973
1724,678,1393,715,0.4867193108399139,-0.99134807098535
1725,783,1549,766,0.5054874112330536,0.4319397896973857
1726,633,1269,636,0.4988179669030733,-0.0842151921066519
1727,672,1287,615,0.5221445221445221,1.5888598190134724
1728,310,618,308,0.5016181229773463,0.08045179867091297
1729,225,437,212,0.5148741418764302,0.6218743352054218
1730,723,1478,755,0.4891745602165088,-0.8323629894123339
1731,856,1693,837,0.505611340815121,0.46176936989648987
1732,446,916,470,0.4868995633187773,-0.7929823205461077
1733,378,775,397,0.48774193548387096,-0.6825001477017446
1734,454,886,432,0.5124153498871332,0.7391044547517354
1735,166,338,172,0.4911242603550296,-0.3263569759322527
1736,184,370,186,0.4972972972972973,-0.10397504898200728
1737,45,80,35,0.5625,1.118033988749895
1751,501,1010,509,0.49603960396039604,-0.25172671021102105
1752,228,438,210,0.5205479452054794,0.8600732686214939
1753,358,702,344,0.50997150997151,0.528395949267478
1754,607,1217,610,0.4987674609695974,-0.0859955474569223
1755,216,457,241,0.4726477024070022,-1.16945067431247
1756,294,622,328,0.47266881028938906,-1.3632757975998633
1757,247,508,261,0.4862204724409449,-0.6211495565912797
1758,190,359,169,0.5292479108635098,1.1083376093354451
1759,200,411,211,0.48661800486618007,-0.542589986033689
1763,177,356,179,0.49719101123595505,-0.105999788000636
1765,272,548,276,0.49635036496350365,-0.1708715315433522
1766,54,115,61,0.46956521739130436,-0.6527533657682196
1767,162,334,172,0.48502994011976047,-0.5471756551645828
1768,295,561,266,0.5258467023172906,1.2243809596701725
1769,163,332,169,0.49096385542168675,-0.329292779969071
1770,451,972,521,0.46399176954732513,-2.2452510468485447
1771,448,904,456,0.49557522123893805,-0.2660760420950957
1772,391,731,340,0.5348837209302325,1.8863031397110384
1783,103,213,110,0.4835680751173709,-0.47963209687927216
1784,125,263,138,0.4752851711026616,-0.8016143407716696
1785,56,118,62,0.4745762711864407,-0.552344770738994
1786,102,189,87,0.5396825396825397,1.0910894511799618
1787,58,114,56,0.5087719298245614,0.1873171623163388
1788,457,914,457,0.5,0.0
1789,206,416,210,0.4951923076923077,-0.19611613513818404
1790,127,282,155,0.450354609929078,-1.6673757356911583
1791,146,269,123,0.5427509293680297,1.4023347499542924
1793,199,430,231,0.4627906976744186,-1.5431770309453188
1794,231,421,190,0.5486935866983373,1.998217733197175
1795,221,484,263,0.45661157024793386,-1.9090909090909092
1796,94,174,80,0.5402298850574713,1.0613372610104648
1797,69,151,82,0.45695364238410596,-1.0579249964025073
1815,131,293,162,0.447098976109215,-1.8110393372946565
1816,158,332,174,0.4759036144578313,-0.8781140799175228
1817,231,517,286,0.44680851063829785,-2.4188972342344837
1818,278,561,283,0.49554367201426025,-0.21110016546037455
1819,200,357,157,0.5602240896358543,2.2758013333073412
1820,186,381,195,0.4881889763779528,-0.4610839676207039
1821,140,245,105,0.5714285714285714,2.23606797749979
1822,166,321,155,0.5171339563862928,0.6139601294045424
1823,82,167,85,0.49101796407185627,-0.23214696976024105
1824,220,445,225,0.4943820224719101,-0.2370227315699886
1825,159,329,170,0.48328267477203646,-0.6064496310619684
1828,231,491,260,0.47046843177189407,-1.3087516789789202
1829,172,324,152,0.5308641975308642,1.1111111111111112
1830,99,193,94,0.5129533678756477,0.35990787537434726
1831,175,318,143,0.550314465408805,1.7944708930945419
1832,246,536,290,0.458955223880597,-1.9005105362789922
1833,127,257,130,0.49416342412451364,-0.1871348584655416
1834,359,697,338,0.5150645624103299,0.7954317200324987
1835,360,706,346,0.509915014164306,0.526896950646487
1836,344,653,309,0.5267993874425727,1.3696558403409564
1880,157,327,170,0.4801223241590214,-0.7189016426921303
1882,228,463,235,0.4924406047516199,-0.32531758863812116
1883,216,394,178,0.5482233502538071,1.914412343067538
1885,151,285,134,0.5298245614035088,1.0069930921904569
1886,106,221,115,0.4796380090497738,-0.6054055145966812
1887,139,271,132,0.5129151291512916,0.42521971746155085
1889,50,109,59,0.45871559633027525,-0.8620436566990363
1891,392,779,387,0.503209242618742,0.17914359097500465
1892,113,206,93,0.5485436893203883,1.3934660285832354
1893,171,352,181,0.48579545454545453,-0.5330017908890261
1894,129,280,151,0.4607142857142857,-1.314751470267833
1895,27,67,40,0.40298507462686567,-1.5882027766319677
1896,281,592,311,0.47466216216216217,-1.2329924047901797
1897,172,376,204,0.4574468085106383,-1.6502739940140694
1898,355,686,331,0.5174927113702624,0.916324257985455
1899,354,746,392,0.4745308310991957,-1.3912788492826038
1945,25,52,27,0.4807692307692308,-0.2773500981126146
1946,19,55,36,0.34545454545454546,-2.292279532375023
1954,202,426,224,0.47417840375586856,-1.0659034828453202
1956,453,838,385,0.5405727923627685,2.349021021901787
1957,298,631,333,0.4722662440570523,-1.3933280001515576
1958,225,452,227,0.497787610619469,-0.09407208683835973
1960,73,159,86,0.4591194968553459,-1.0309670614335873
1961,113,227,114,0.4977973568281938,-0.0663723311599972
1962,501,994,493,0.5040241448692153,0.25374459187822046
1963,423,926,503,0.45680345572354214,-2.6289631196030996
1964,170,316,146,0.5379746835443038,1.3501054811112287
2019,56,111,55,0.5045045045045045,0.0949157995752499
2024,116,235,119,0.49361702127659574,-0.19569842191603265
2025,35,70,35,0.5,0.0
2026,40,97,57,0.41237113402061853,-1.7260884807271526
2027,88,176,88,0.5,0.0
2031,69,124,55,0.5564516129032258,1.2572371141874243
2095,45,78,33,0.5769230769230769,1.3587324409735149
2282,97,215,118,0.4511627906976744,-1.4321881128879943
