rank,index,true_label,combined_score,ae_error,if_score,DM,scattering_time_ms,fluence_Jy_ms,spectral_index,sub_burst_count,rotation_measure
1,2736,dm_scatter_outlier,0.9036810151771162,99.012939453125,0.6650873141044145,278.0751310549862,97.28331039394776,14.056845189937306,-0.6588319259280133,4,1491.863342540497
2,423,dm_scatter_outlier,0.7133309061053716,89.52715301513672,0.5734008485677464,215.45581868863388,95.08071703749165,5.591604500799299,-2.0431035855625423,2,1233.391350743549
3,4853,dm_scatter_outlier,0.6855480237529866,86.07301330566406,0.5654112285561826,292.90804643572983,94.82413853582725,4.044792296398968,-1.5960411320472552,4,1036.1478962957822
4,2708,dm_scatter_outlier,0.6754754158709231,51.51929473876953,0.6868516866299003,281.87674435702274,71.9263300126968,26.67783355387842,-1.0450832076631684,4,996.4682819773733
5,1633,dm_scatter_outlier,0.6728308754059016,87.67877960205078,0.5547903801568544,168.86228882178625,76.02947545511502,2.387209103886534,-0.7762277673604344,1,2923.388330152089
6,167,dm_scatter_outlier,0.6128681967162315,66.27410888671875,0.5728250918237914,136.02751955232165,79.61433616726185,1.615860423674588,-1.488276798765194,1,1306.1302347998799
7,4740,dm_scatter_outlier,0.6079084226812885,63.42578887939453,0.5785128652532464,133.8707870005151,80.87532866030882,2.77163668054689,-1.9852438197902864,5,991.6164018128134
8,994,dm_scatter_outlier,0.5873612007550408,68.42279052734375,0.5504618184986074,189.83808620239677,75.65590786971337,3.428659687692614,-1.5168464804093649,2,1887.8252277003226
9,866,dm_scatter_outlier,0.5855259782498382,46.92051315307617,0.6314495031330694,183.73688283789443,57.16710244923542,4.110691079154473,-1.6569971567012414,3,2056.433418512244
10,63,dm_scatter_outlier,0.4949699444874142,45.78948974609375,0.5614931068093677,147.71770275509192,62.209278180577016,3.043961963121901,-1.5902448793191524,1,1568.5414805174391
11,2663,dm_scatter_outlier,0.48165272524166697,40.5494499206543,0.5747496420542995,287.01183600119464,41.03170072258397,9.367864684631261,-1.4967667650126761,3,2577.2829606043565
12,2833,dm_scatter_outlier,0.46560558168519256,40.62705612182617,0.5609795276767993,112.53344234324172,47.38239365630306,3.9926457670220317,-1.6005021836957976,1,2283.5398932134185
13,1153,dm_scatter_outlier,0.40629557639454067,33.23788833618164,0.5477673504641257,229.88496812566564,10.016076951996979,2.9745046132143376,-1.277568151292248,1,2678.6122338361465
14,1943,dm_scatter_outlier,0.3813173013061204,27.60187339782715,0.5585471139062158,115.71970296423049,40.71987607229171,1.814847760264643,-1.9712398518359155,2,1750.6446332620046
15,4317,dm_scatter_outlier,0.37618740149280405,22.996686935424805,0.5902327362915024,277.55779314074573,48.42183244608745,7.5695121834064345,-1.8377976018037663,2,839.5746879222834
16,1589,periodic_repeater,0.3740038356171155,13.852313041687012,0.731305622859156,380.4258911899577,0.07561300933131082,44.66663163082536,-1.6013192346791738,11,86.5917359524945
17,4690,dm_scatter_outlier,0.3613299001322665,23.810766220092773,0.5662509950832741,201.0687855998887,46.65982948486256,0.5892263892055651,-1.5144350857330935,4,1011.0912968102826
18,4243,dm_scatter_outlier,0.3596559739863365,15.699531555175781,0.6648273643944661,187.1695626805025,24.65836378240963,1.3958732718973699,-1.9045883603720308,2,1681.5486414237675
19,4879,periodic_repeater,0.3583617890481128,14.4806489944458,0.6873396815507219,258.59247296955226,0.08838908108579867,76.50952578542321,-0.9528035591349404,19,-17.286280436301443
20,3003,periodic_repeater,0.33620044369948787,12.993951797485352,0.6812711133350439,197.53354119913035,0.022158341098905278,77.07045145228649,-1.147259917572995,16,-98.32519126348052
21,4726,periodic_repeater,0.3335836164911472,12.795722007751465,0.6811929165494002,412.2733612987714,0.07733166891946218,94.3766487416394,-1.8871094561904016,8,-72.11442398304179
22,2628,periodic_repeater,0.33049693159345206,11.963533401489258,0.6967052619147613,306.2899464866208,0.04876281033457037,85.54142589001505,-0.7952167125089343,18,-100.1689139231201
23,3254,periodic_repeater,0.3295092598101802,12.709541320800781,0.6756999263985879,400.368643975695,0.07240594202747822,61.21819158466067,-2.063418674496619,19,13.644289779471478
24,3569,periodic_repeater,0.32510180939810057,11.81138801574707,0.6902023268236194,833.0758052585632,0.1680950869023405,97.85990814830257,-1.343474095492825,15,-13.295200216324115
25,2613,dm_scatter_outlier,0.31708547587906627,12.175329208374023,0.6655116129549034,285.11373690790674,26.43025426048452,1.8282659163015342,-1.2009979941784612,2,1242.813160478897
26,1152,periodic_repeater,0.3147839431375843,11.327832221984863,0.6830219261367506,588.8639996004986,0.07921271730221761,47.57077549757108,-1.8587000535093339,18,162.08503610345522
27,3990,periodic_repeater,0.3142541116322703,10.928223609924316,0.6933742122632459,592.6908672006234,0.20855310159167745,58.76751992454178,-1.5202253404742772,15,120.64654024682453
28,4002,ultra_high_dm,0.3103813990941245,13.662269592285156,0.6223493775081277,9631.356724259904,0.05810683820050576,18.57110134324319,-1.407417022282993,1,-42.26861075207924
29,1487,periodic_repeater,0.304182794510724,10.664023399353027,0.6804941870007606,219.38019794834813,0.03203671467220579,71.62810489273761,-2.000725874040257,19,30.44863455947081
30,2815,periodic_repeater,0.2987346718142712,10.007912635803223,0.6891055887814521,362.6560115662993,0.01746043921642753,98.04621864268111,-1.247317036039468,17,21.6400807793805
31,903,periodic_repeater,0.29012351021550575,8.81728744506836,0.7116169182566092,1296.694694117921,0.49964780024300365,40.85046267441324,-0.7798226618209234,19,-119.26524516161874
32,806,periodic_repeater,0.28667194953559394,9.471033096313477,0.6805225689235472,461.8641981637849,0.06137198589200678,65.65597715773357,-1.3144618148208267,18,94.0859969941571
33,399,periodic_repeater,0.28445074292109157,9.22903823852539,0.6837465102833974,327.6035344041793,0.1074154787620486,30.098757275908554,-1.6835145754713006,17,92.94975928670746
34,4443,dm_scatter_outlier,0.2795289834638172,13.980082511901855,0.5700559566725655,117.19165933290677,23.169747465841226,7.660979387769295,-1.1232792125050661,2,1555.3911064335712
35,4873,periodic_repeater,0.27910301741526533,9.407844543457031,0.6663270137581597,243.52067899311808,0.029774465989165423,30.629333143254726,-1.460270297223331,19,-72.54277362918822
36,3746,periodic_repeater,0.2785646979231239,8.52043628692627,0.6959223398410825,183.92964836026619,0.05043448598927282,95.77450679232135,-0.907559467603262,13,-164.0516700306908
37,2807,dm_scatter_outlier,0.27822083944341874,13.825950622558594,0.5703974570342746,157.41975014211891,33.13104919373693,7.533292098837617,-1.6962721540594188,1,967.7263121853146
38,2067,periodic_repeater,0.27580033151415,8.855998039245605,0.6773858244596775,490.3923707020792,0.036803763872287086,42.462377814618165,-2.2300905518417156,16,97.00462513723244
39,4753,periodic_repeater,0.2714838769933961,8.729995727539062,0.6721426329603026,212.06846176710283,0.042629901668606966,70.09084916639182,-1.6216616539733826,14,-84.95460268010373
40,1886,periodic_repeater,0.26867845831131226,8.605111122131348,0.670227728735802,264.1381497442663,0.04030832361255722,88.20547688325888,-1.4432659350204737,16,19.061262137108116
41,4798,periodic_repeater,0.2677273528258041,8.239225387573242,0.6813425628758571,382.27105135057093,0.09997869911879748,46.294792682241464,-0.9889359158403205,16,134.3492600531073
42,4843,ultra_high_dm,0.2665309497555169,9.751341819763184,0.6307307558966011,6584.712827479883,0.24014215657889162,19.81922653927448,-1.1251623977881073,1,-130.66232435404237
43,1959,ultra_high_dm,0.26613736351744366,17.37896728515625,0.5159195823280338,9954.980007501783,0.28453351848350694,2.3372435155679896,-1.0928395277873675,2,86.1939654125602
44,401,periodic_repeater,0.2651537645584845,8.061209678649902,0.6821314770570353,562.658997532076,0.19240212897690054,46.24516230672306,-1.4892249901868329,18,-50.506653855045414
45,434,dm_scatter_outlier,0.262274443326457,11.668450355529785,0.5810110055475846,236.70144571807737,32.757058955938746,0.323770990061894,-1.5024864048469997,2,580.1986203610045
46,2365,ultra_high_dm,0.26061218772448175,11.789813041687012,0.5762034138433078,8465.05127385891,0.03421577658345013,3.515550212759897,-1.4987737711158011,3,-222.3396924050133
47,3677,dm_scatter_outlier,0.2594772591272466,13.797268867492676,0.5446897430106008,209.33106682826394,20.19261706052211,0.9813426660311549,-1.0626681462701963,1,1618.025067442245
48,952,periodic_repeater,0.257530577023753,7.687905788421631,0.6787463802709299,665.8908050936676,0.06957720563039925,89.98545611191959,-1.6231791011288565,13,-90.68208441135037
49,1708,dm_scatter_outlier,0.25719248825304597,11.909744262695312,0.5688106295974322,129.15826573892952,29.399608891946233,3.517432407912612,-1.2960902915258465,2,1016.4872896811127
50,4568,periodic_repeater,0.25577678630906164,7.4494781494140625,0.684303910472151,735.0215876998711,0.2738094982694101,39.377087453684325,-1.7194769226542395,15,13.885545651235502
