source_id,type,mag_F115W,mag_F150W,mag_F200W,mag_F277W,mag_F356W,mag_F444W,F115W_F150W,F150W_F200W,F200W_F277W,F277W_F356W,F356W_F444W,lya_ew,continuum_slope,balmer_break,oiii_ew,ha_ew,photo_z,ra,dec,recon_error,error_sigma,jwst_class
39156,dropout,35.0,28.783,28.924,28.263,28.575,28.822,70.2166,-0.1404,0.6604,-0.312,-0.2468,0.83,-1.748,0.335,2251.28,0.0,9.646,311.31846,86.85031,20.582722,13.477534,ultra_high_z_candidate
25062,dropout,35.0,26.098,26.123,26.656,26.093,26.27,72.9017,-0.0246,-0.5329,0.563,-0.177,104.05,-1.735,0.598,1572.73,0.0,10.021,342.02031,89.23711,18.413408,12.013157,high_z_dropout_candidate
7391,anomaly,24.073,23.614,27.428,23.579,26.563,23.748,0.4595,-3.8138,3.848,-2.9836,2.8146,67.34,-0.57,0.544,118.82,694.98,11.298,357.50329,-60.41356,15.433665,10.001704,ultra_high_z_candidate
14775,dropout,35.0,30.71,28.408,28.602,28.512,28.34,68.2902,2.3021,-0.1939,0.0893,0.1726,169.52,-2.346,0.486,1921.54,0.0,10.215,132.09866,-62.9772,15.15331,9.812452,ultra_high_z_candidate
4235,anomaly,27.472,30.121,30.518,27.227,30.942,27.628,-2.6493,-0.397,3.2916,-3.7153,3.3141,61.38,-0.093,1.69,61.86,5.08,2.15,241.59443,72.17302,15.093799,9.77228,unclassified
44125,dropout,35.0,26.579,26.708,26.901,26.458,26.521,72.4206,-0.1281,-0.1938,0.4433,-0.0627,84.31,-2.106,0.736,1345.34,0.0,9.875,320.286,83.86856,15.085478,9.766663,high_z_dropout_candidate
23808,dropout,35.0,26.236,26.194,26.478,26.365,26.107,72.7642,0.0419,-0.2836,0.1122,0.2579,39.8,-2.476,0.409,1223.77,0.0,9.488,61.72672,54.04598,14.704875,9.50974,high_z_dropout_candidate
2273,dropout,35.0,26.962,27.63,27.528,27.713,27.692,72.038,-0.6682,0.102,-0.1853,0.0214,334.21,-2.028,0.475,81.86,0.0,9.554,20.77441,-76.08725,14.608291,9.444541,high_z_dropout_candidate
46755,dropout,35.0,29.565,30.063,29.826,29.988,29.567,69.4346,-0.4981,0.2378,-0.1625,0.4211,10.77,-2.67,0.583,1848.28,0.0,10.196,19.34062,-4.97989,14.5143795,9.381147,ultra_high_z_candidate
30500,anomaly,27.749,27.145,25.374,27.861,23.979,27.938,0.6045,1.7701,-2.4869,3.8823,-3.9593,44.39,0.049,3.264,16.67,66.11,3.203,183.28742,-39.38932,14.355044,9.273589,unclassified
9749,dropout,35.0,26.048,26.252,26.192,25.906,26.229,72.9523,-0.2039,0.0597,0.2861,-0.3231,114.48,-2.181,0.468,973.24,0.0,9.921,351.89761,76.49297,14.25368,9.205164,high_z_dropout_candidate
31612,dropout,35.0,27.485,27.741,28.144,27.56,27.663,71.515,-0.256,-0.4029,0.5844,-0.1039,47.42,-1.824,0.338,1442.04,0.0,9.396,71.39694,62.32168,13.941078,8.994144,high_z_dropout_candidate
19251,anomaly,22.471,25.035,25.654,22.458,24.993,22.105,-2.5649,-0.6182,3.1957,-2.5348,2.8881,107.59,1.207,3.083,140.61,333.62,11.262,199.01283,-41.31032,13.726244,8.849122,ultra_high_z_candidate
7417,dropout,35.0,30.667,29.281,29.205,29.201,29.145,68.3325,1.3869,0.0753,0.0044,0.0558,34.23,-2.5,0.557,1907.66,0.0,10.661,209.39439,3.37514,13.694222,8.827506,ultra_high_z_candidate
12094,dropout,35.0,26.744,26.529,26.426,26.55,26.859,72.256,0.2151,0.1025,-0.1238,-0.3085,8.95,-2.103,0.471,1215.72,0.0,9.519,198.42384,-30.06095,13.657708,8.802857,high_z_dropout_candidate
11758,anomaly,25.992,27.897,25.168,28.631,25.149,28.47,-1.9049,2.7288,-3.4627,3.4816,-3.3212,278.0,1.182,1.5,73.25,35.32,0.13,302.29731,52.86384,13.546428,8.727738,extremely_red_object
39787,dropout,35.0,28.861,26.318,26.219,26.207,25.801,70.1387,2.5429,0.099,0.0129,0.4058,115.08,-2.053,0.918,1459.34,0.0,10.448,340.48589,67.36929,13.489791,8.689507,high_z_dropout_candidate
24567,dropout,35.0,30.362,28.356,28.525,28.395,28.433,68.638,2.0057,-0.1692,0.1301,-0.0379,57.49,-2.82,0.891,1806.82,0.0,11.226,143.71548,20.15278,13.481719,8.684057,ultra_high_z_candidate
29939,dropout,35.0,26.149,26.17,26.139,25.941,26.68,72.8514,-0.0216,0.0314,0.1974,-0.7382,153.78,-2.61,0.831,606.38,0.0,9.092,243.56783,37.92848,13.4592085,8.668862,high_z_dropout_candidate
13849,anomaly,26.733,29.537,30.31,26.948,30.277,27.75,-2.8036,-0.7728,3.3617,-3.3291,2.5274,18.13,-0.047,2.374,15.89,17.4,11.879,15.17227,84.09498,13.430594,8.649547,ultra_high_z_candidate
31198,dropout,35.0,26.321,25.863,26.223,25.794,26.327,72.6787,0.4584,-0.3598,0.4284,-0.5323,4.49,-1.529,0.913,990.58,0.0,10.153,200.91851,-13.78525,13.420033,8.642417,high_z_dropout_candidate
35070,dropout,35.0,26.382,26.214,25.837,26.408,26.114,72.6176,0.168,0.3774,-0.5709,0.2937,200.92,-1.65,0.32,526.73,0.0,9.008,96.23545,37.38306,13.261946,8.535702,high_z_dropout_candidate
40674,dropout,35.0,28.778,27.596,27.903,27.891,27.598,70.2222,1.1813,-0.3064,0.0121,0.2931,115.95,-2.999,0.447,1536.42,0.0,10.26,63.16441,24.93371,13.234204,8.516974,high_z_dropout_candidate
28215,dropout,35.0,28.845,28.973,28.879,28.855,28.785,70.155,-0.1282,0.0947,0.024,0.0694,2.43,-2.403,0.764,1628.68,0.0,9.963,224.75855,47.46266,13.071676,8.407262,ultra_high_z_candidate
25265,dropout,35.0,26.113,26.401,26.511,26.27,26.099,72.8868,-0.2878,-0.1096,0.2402,0.1713,51.76,-2.097,0.834,896.44,0.0,9.503,243.00248,16.44243,12.993624,8.354572,high_z_dropout_candidate
46124,dropout,35.0,26.659,26.615,26.71,27.04,27.082,72.3409,0.044,-0.0948,-0.3303,-0.0415,2.51,-2.722,0.704,1080.21,0.0,9.23,100.94811,-87.17847,12.943681,8.320859,high_z_dropout_candidate
37364,dropout,35.0,30.276,28.804,29.479,29.18,29.161,68.7245,1.4719,-0.6755,0.2995,0.019,68.6,-2.485,0.9,1759.54,0.0,10.474,221.38715,-66.05687,12.93902,8.317713,ultra_high_z_candidate
19835,dropout,35.0,31.511,30.239,30.268,30.245,29.874,67.4891,1.272,-0.0289,0.0228,0.3714,50.94,-2.551,0.512,1903.14,0.0,10.292,239.05677,21.05495,12.925526,8.308603,ultra_high_z_candidate
10010,anomaly,25.52,26.019,26.82,23.719,26.744,23.232,-0.4994,-0.8007,3.1011,-3.0247,3.5115,14.86,-1.77,0.782,6.74,836.67,10.047,147.56194,-24.79539,12.911043,8.298827,ultra_high_z_candidate
1082,anomaly,25.458,25.46,25.578,25.304,21.572,25.408,-0.002,-0.1187,0.274,3.7319,-3.8359,361.07,-0.107,3.817,1.54,202.69,5.007,97.89644,36.90488,12.906991,8.296092,extreme_emission_line
39768,dropout,35.0,26.144,26.083,25.956,26.106,25.963,72.8555,0.0617,0.1265,-0.15,0.1431,30.17,-2.502,0.408,846.64,0.0,9.838,267.7645,76.63616,12.8757,8.274969,high_z_dropout_candidate
9347,anomaly,28.77,26.709,26.16,29.666,26.103,28.872,2.0617,0.5484,-3.5061,3.5633,-2.7687,99.38,2.65,3.992,425.85,260.82,5.267,348.19621,-24.19167,12.770152,8.20372,extremely_red_object
14535,anomaly,21.997,25.593,21.865,25.576,22.263,25.609,-3.5957,3.7285,-3.7111,3.3133,-3.3469,57.36,0.993,3.556,66.29,126.53,11.92,127.92151,42.69912,12.751947,8.191431,ultra_high_z_candidate
3750,anomaly,25.091,23.164,22.783,25.205,22.379,25.559,1.9267,0.3808,-2.4214,2.826,-3.1799,487.75,2.317,3.762,288.91,173.76,3.821,12.75541,6.02979,12.71642,8.167449,extremely_red_object
12596,dropout,35.0,25.92,25.842,26.257,25.934,26.365,73.0798,0.0786,-0.415,0.3229,-0.4317,60.57,-2.208,0.369,85.6,0.0,9.869,293.50411,11.14355,12.673506,8.138479,high_z_dropout_candidate
40691,dropout,35.0,26.163,26.352,26.244,26.448,26.484,72.8369,-0.1886,0.1076,-0.204,-0.0362,11.57,-1.977,0.629,827.32,0.0,9.114,267.34174,-16.07478,12.605697,8.092706,high_z_dropout_candidate
38581,dropout,35.0,26.803,27.149,26.709,27.013,26.632,72.1971,-0.3461,0.4395,-0.3037,0.3815,224.65,-2.799,0.772,37.44,0.0,9.061,54.28641,61.03491,12.588624,8.081181,high_z_dropout_candidate
16200,anomaly,25.174,25.444,25.182,25.148,21.522,25.308,-0.2694,0.2619,0.0339,3.6262,-3.786,446.54,-0.589,3.154,109.05,35.76,13.779,328.11823,36.15571,12.532593,8.043357,ultra_high_z_candidate
40244,dropout,35.0,35.0,29.621,29.724,29.228,29.54,0.0,69.3791,-0.1028,0.4956,-0.3122,26.77,-2.08,0.4,2035.27,0.0,13.3,185.55215,-17.22572,12.496125,8.01874,ultra_high_z_candidate
36994,dropout,35.0,25.706,26.208,26.094,26.03,26.226,73.2936,-0.5013,0.1138,0.0636,-0.1959,14.32,-1.737,0.331,286.63,0.0,9.648,349.93118,-79.90718,12.466136,7.998496,high_z_dropout_candidate
41806,dropout,35.0,26.483,26.252,26.241,26.335,26.58,72.5174,0.2303,0.0115,-0.094,-0.2452,15.88,-1.677,0.711,900.77,0.0,10.113,207.97892,-28.99383,12.457334,7.992554,high_z_dropout_candidate
16835,dropout,35.0,26.078,26.452,26.118,25.679,26.317,72.9219,-0.3736,0.3339,0.4387,-0.6382,104.87,-2.001,0.707,156.16,0.0,9.085,117.41934,64.83253,12.4120655,7.961996,high_z_dropout_candidate
24239,dropout,35.0,25.785,26.209,25.927,25.872,25.769,73.2145,-0.4235,0.2824,0.0548,0.1032,48.7,-1.706,0.956,188.38,0.0,9.534,145.93347,-35.80174,12.383871,7.942964,high_z_dropout_candidate
22371,dropout,35.0,26.371,26.427,26.543,26.236,26.537,72.6288,-0.0555,-0.1161,0.3063,-0.3008,78.89,-1.864,0.588,788.37,0.0,9.294,102.85152,44.84593,12.343281,7.9155636,high_z_dropout_candidate
12297,dropout,35.0,26.211,25.727,26.439,25.882,26.367,72.7891,0.4839,-0.7116,0.5571,-0.4857,60.26,-2.497,0.474,336.5,0.0,10.204,359.0841,-11.11403,12.255484,7.856297,high_z_dropout_candidate
2509,dropout,35.0,25.92,26.357,26.305,25.793,26.134,73.0799,-0.4373,0.052,0.5121,-0.3405,32.92,-2.4,0.982,522.34,0.0,10.12,274.28386,-57.40673,12.2264185,7.8366766,high_z_dropout_candidate
23497,dropout,35.0,27.268,26.166,26.218,26.352,26.384,71.7319,1.1018,-0.0522,-0.1337,-0.0322,19.32,-1.743,0.646,1077.16,0.0,10.829,52.71287,-1.35662,12.20174,7.820018,high_z_dropout_candidate
30860,dropout,35.0,26.327,26.291,26.58,26.598,26.302,72.6729,0.0361,-0.2895,-0.0171,0.296,122.97,-2.351,0.575,129.22,0.0,9.96,303.37679,8.44462,12.190261,7.8122687,high_z_dropout_candidate
28781,dropout,35.0,28.045,26.363,26.507,26.507,26.12,70.9546,1.6823,-0.1441,-0.0002,0.3876,24.29,-2.372,0.412,1255.94,0.0,10.879,92.7034,-19.66601,12.165944,7.795854,high_z_dropout_candidate
34117,dropout,35.0,26.366,26.583,26.632,26.37,26.692,72.6344,-0.2171,-0.0494,0.2621,-0.3217,101.11,-2.058,0.67,675.91,0.0,9.031,29.83807,-54.39677,12.150561,7.78547,high_z_dropout_candidate
45810,anomaly,27.481,25.399,27.724,24.522,27.468,24.705,2.0823,-2.3247,3.2014,-2.9452,2.7627,11.02,2.708,2.716,842.74,495.9,6.615,217.80098,-35.73078,12.150309,7.7852993,extremely_red_object
38325,dropout,35.0,26.146,26.265,25.879,26.36,26.252,72.8536,-0.1184,0.3857,-0.4812,0.1082,23.6,-2.214,0.922,572.79,0.0,9.779,338.48112,-50.27071,12.129648,7.771353,high_z_dropout_candidate
48198,dropout,35.0,27.934,26.677,26.755,27.132,27.242,71.0663,1.2571,-0.0784,-0.3774,-0.11,35.26,-1.784,0.621,1230.93,0.0,11.564,160.68974,-44.33353,12.117051,7.7628493,high_z_dropout_candidate
24747,dropout,35.0,29.039,29.043,28.55,28.957,29.03,69.9609,-0.0041,0.4932,-0.4075,-0.0728,381.07,-1.661,0.962,87.13,0.0,10.136,3.59942,70.90192,12.0967245,7.749128,ultra_high_z_candidate
32628,dropout,35.0,26.177,26.896,26.246,26.727,26.361,72.8233,-0.7195,0.6503,-0.4809,0.3659,62.26,-2.751,0.7,72.5,0.0,9.308,80.68786,27.4949,12.08831,7.743448,high_z_dropout_candidate
14919,dropout,35.0,27.212,26.027,25.82,26.049,25.995,71.7884,1.1842,0.2078,-0.229,0.0531,3.62,-1.937,0.567,1017.59,0.0,11.03,234.12351,-39.14429,12.087576,7.742952,high_z_dropout_candidate
6600,dropout,35.0,26.102,25.936,26.113,26.093,25.851,72.8978,0.1662,-0.1767,0.0195,0.242,42.08,-2.458,0.445,32.79,0.0,9.378,43.77637,42.42706,12.0666685,7.728839,high_z_dropout_candidate
5288,dropout,35.0,26.049,25.897,25.798,25.942,25.93,72.9514,0.1513,0.0993,-0.1437,0.0122,11.09,-1.565,0.671,230.85,0.0,10.129,153.21726,21.04547,11.962214,7.658328,high_z_dropout_candidate
16139,dropout,35.0,25.932,26.166,26.26,26.182,26.058,73.0683,-0.2344,-0.0939,0.0785,0.1234,7.04,-1.929,0.989,165.21,0.0,9.468,117.12169,78.43565,11.949739,7.6499066,high_z_dropout_candidate
27120,dropout,35.0,26.138,25.767,26.159,25.939,26.156,72.862,0.3713,-0.3923,0.2198,-0.2171,25.69,-1.592,0.736,440.44,0.0,8.958,102.47411,-40.27749,11.92907,7.6359544,high_z_dropout_candidate
19247,dropout,35.0,26.366,25.893,26.098,25.911,26.187,72.6344,0.4723,-0.2044,0.1864,-0.2755,95.58,-2.105,0.586,273.15,0.0,10.121,263.78654,-86.42909,11.909922,7.623028,high_z_dropout_candidate
21104,dropout,35.0,26.636,26.407,26.713,26.865,26.225,72.3638,0.2288,-0.3059,-0.1517,0.64,51.74,-2.783,0.338,797.93,0.0,10.02,120.15402,15.1944,11.906374,7.620633,high_z_dropout_candidate
8795,anomaly,27.349,25.897,28.482,25.23,28.5,24.663,1.4523,-2.5849,3.2512,-3.2696,3.8373,97.6,1.96,0.786,81.93,81.08,11.629,266.70567,40.64212,11.90135,7.617242,ultra_high_z_candidate
35624,dropout,35.0,26.128,26.123,26.139,26.311,26.324,72.8721,0.0046,-0.0157,-0.1724,-0.0122,23.77,-2.424,0.639,83.46,0.0,10.114,297.12065,54.90389,11.8966875,7.6140943,high_z_dropout_candidate
40700,dropout,35.0,26.556,26.03,26.2,26.311,26.218,72.4435,0.5261,-0.1692,-0.1112,0.0928,109.4,-2.438,0.837,17.42,0.0,9.589,54.58028,78.12361,11.882455,7.604487,high_z_dropout_candidate
15309,dropout,35.0,26.243,26.151,26.013,26.45,26.691,72.757,0.0917,0.1386,-0.4368,-0.2418,20.47,-2.545,0.94,68.14,0.0,9.814,123.75659,39.59157,11.86657,7.5937643,high_z_dropout_candidate
23987,dropout,35.0,26.161,25.972,26.226,26.338,26.145,72.8387,0.1891,-0.254,-0.1113,0.1926,34.74,-2.686,0.991,144.28,0.0,10.054,265.1557,27.56692,11.860156,7.589434,high_z_dropout_candidate
11975,dropout,35.0,26.177,26.111,26.354,26.088,26.175,72.8228,0.0659,-0.2429,0.2663,-0.0874,41.63,-1.746,0.409,545.49,0.0,9.11,58.65974,-35.95484,11.849449,7.5822062,high_z_dropout_candidate
5216,dropout,35.0,26.26,26.413,25.778,25.814,26.457,72.7401,-0.1535,0.6351,-0.036,-0.6427,5.31,-2.315,0.813,33.06,0.0,9.942,176.41576,0.87088,11.831816,7.570303,high_z_dropout_candidate
13171,dropout,35.0,26.159,26.229,26.03,26.334,26.512,72.8406,-0.0697,0.1987,-0.304,-0.1772,48.61,-1.529,0.828,279.36,0.0,9.197,144.16172,-39.00145,11.819207,7.561792,high_z_dropout_candidate
24100,dropout,35.0,26.19,25.808,26.256,26.217,26.082,72.8105,0.3818,-0.4485,0.039,0.1353,9.35,-2.12,0.516,155.1,0.0,9.776,332.54488,68.49626,11.8124695,7.557244,high_z_dropout_candidate
33197,dropout,35.0,26.424,26.076,26.162,26.911,26.606,72.576,0.3475,-0.0853,-0.749,0.3051,13.68,-2.625,0.599,47.37,0.0,9.772,199.46061,6.6276,11.788377,7.54098,high_z_dropout_candidate
14292,dropout,35.0,26.254,26.044,25.994,25.801,25.971,72.7458,0.21,0.0504,0.1933,-0.1702,53.61,-2.515,0.566,8.81,0.0,9.013,348.93676,26.46518,11.788256,7.5408983,high_z_dropout_candidate
43072,dropout,35.0,25.999,26.338,26.201,26.181,26.178,73.0006,-0.3389,0.1375,0.0199,0.0032,22.44,-2.074,0.76,280.05,0.0,9.541,191.57289,51.11451,11.784241,7.538188,high_z_dropout_candidate
11687,dropout,35.0,26.166,26.031,25.946,26.04,26.195,72.8337,0.1358,0.0848,-0.0941,-0.1554,2.58,-2.457,0.708,105.3,0.0,10.171,156.1384,88.70386,11.775061,7.531991,high_z_dropout_candidate
43839,dropout,35.0,26.323,26.464,26.194,26.226,26.316,72.6771,-0.1411,0.2702,-0.0321,-0.0897,90.87,-1.931,0.656,139.17,0.0,9.887,320.80973,-24.37524,11.736796,7.506161,high_z_dropout_candidate
22062,dropout,35.0,28.156,28.315,28.577,28.564,28.403,70.844,-0.1594,-0.2617,0.0128,0.1612,314.43,-1.782,0.57,77.7,0.0,8.982,111.13107,7.564,11.7354355,7.5052423,ultra_high_z_candidate
9442,dropout,35.0,26.361,26.336,26.499,25.914,25.952,72.6391,0.0249,-0.1626,0.5849,-0.0379,93.58,-2.882,0.449,56.23,0.0,9.1,327.79475,53.78077,11.695583,7.4783406,high_z_dropout_candidate
5670,dropout,35.0,27.052,26.975,26.853,26.802,26.65,71.9481,0.0769,0.1223,0.0509,0.1513,195.97,-2.886,0.582,74.03,0.0,10.017,42.12767,40.26,11.652721,7.449407,high_z_dropout_candidate
2691,dropout,35.0,26.217,26.701,27.205,26.906,27.084,72.783,-0.4842,-0.5038,0.2989,-0.1778,6.13,-1.778,0.541,25.03,0.0,9.218,356.6021,72.32188,11.643143,7.4429407,high_z_dropout_candidate
34860,dropout,35.0,26.424,26.134,26.462,26.381,26.571,72.5756,0.2908,-0.3283,0.0806,-0.1899,68.54,-2.247,0.528,53.2,0.0,9.646,103.88215,16.81438,11.628404,7.4329915,high_z_dropout_candidate
36197,dropout,35.0,26.77,27.051,26.388,26.516,26.921,72.2304,-0.2815,0.6634,-0.1284,-0.4045,33.1,-2.882,0.714,840.28,0.0,8.982,89.3218,-85.19629,11.627609,7.432455,high_z_dropout_candidate
28606,dropout,35.0,26.535,26.749,26.999,26.684,26.861,72.4647,-0.2134,-0.2506,0.3153,-0.1772,41.02,-2.445,0.851,755.49,0.0,10.041,132.93194,56.20495,11.623941,7.4299793,high_z_dropout_candidate
30148,dropout,35.0,26.252,26.417,26.269,26.441,26.31,72.7481,-0.1648,0.148,-0.1721,0.1309,3.73,-2.876,0.605,32.19,0.0,10.125,187.02297,-29.75587,11.588894,7.4063206,high_z_dropout_candidate
32114,dropout,35.0,26.435,26.487,26.813,26.48,26.268,72.5646,-0.0518,-0.3262,0.3332,0.2122,113.44,-2.446,0.461,333.94,0.0,8.965,6.39456,-66.29326,11.570819,7.3941193,high_z_dropout_candidate
3191,dropout,35.0,26.238,26.344,26.904,26.385,26.636,72.7624,-0.1065,-0.56,0.5188,-0.2511,31.66,-1.679,0.975,239.07,0.0,10.017,163.70062,59.59713,11.5629,7.3887734,high_z_dropout_candidate
8007,dropout,35.0,27.787,28.031,27.894,28.047,27.634,71.2132,-0.2439,0.1366,-0.1527,0.4124,39.39,-2.518,0.843,1194.27,0.0,10.079,295.61733,-68.0447,11.549353,7.3796287,high_z_dropout_candidate
9854,dropout,35.0,26.679,26.471,26.437,26.337,26.623,72.321,0.2076,0.0341,0.0999,-0.2852,135.05,-1.772,0.407,221.42,0.0,9.291,243.94108,-18.56297,11.522626,7.361587,high_z_dropout_candidate
13230,dropout,35.0,26.318,26.89,26.315,26.117,26.204,72.6823,-0.5724,0.5754,0.1976,-0.0866,75.56,-2.77,0.398,308.78,0.0,9.782,247.73726,-82.54932,11.476597,7.3305154,high_z_dropout_candidate
40614,dropout,35.0,28.596,27.003,27.194,26.762,27.413,70.4041,1.5929,-0.1914,0.432,-0.6503,307.5,-1.831,0.331,415.34,0.0,11.448,272.4467,17.80231,11.468178,7.324832,high_z_dropout_candidate
2288,anomaly,28.293,24.833,25.738,28.548,24.791,27.906,3.46,-0.9049,-2.8099,3.7568,-3.1149,47.66,1.63,2.894,103.17,17.66,11.553,38.56372,-68.56986,11.465864,7.3232703,ultra_high_z_candidate
40965,dropout,35.0,26.505,26.344,26.177,26.428,26.087,72.4954,0.1605,0.1668,-0.2509,0.3413,1.27,-2.174,0.912,678.1,0.0,9.297,290.70749,-70.29868,11.451793,7.3137717,high_z_dropout_candidate
16569,dropout,35.0,26.348,26.037,25.888,26.057,26.247,72.6515,0.3114,0.1491,-0.1689,-0.1905,13.97,-2.728,0.305,204.61,0.0,9.966,136.13319,-17.36608,11.444423,7.3087964,high_z_dropout_candidate
43806,dropout,35.0,26.484,26.472,26.402,26.686,26.351,72.5161,0.0123,0.07,-0.2846,0.3347,81.53,-2.559,0.619,125.45,0.0,9.173,47.69689,-82.16254,11.37666,7.263054,high_z_dropout_candidate
15340,dropout,35.0,26.376,26.463,26.732,26.48,26.528,72.6243,-0.0876,-0.269,0.2526,-0.0486,9.61,-2.648,0.445,2.17,0.0,9.728,237.34835,-39.16295,11.329448,7.2311835,high_z_dropout_candidate
20742,dropout,35.0,26.48,26.656,26.295,26.622,26.112,72.5204,-0.1766,0.3616,-0.3271,0.5101,67.12,-2.275,0.445,162.72,0.0,10.196,293.4579,82.04074,11.326796,7.229393,high_z_dropout_candidate
3026,dropout,35.0,27.216,27.09,27.499,27.327,27.218,71.7841,0.1256,-0.4086,0.1714,0.1093,188.3,-2.819,0.58,96.5,0.0,9.952,48.25417,61.01022,11.325825,7.228738,high_z_dropout_candidate
19146,dropout,35.0,26.305,26.592,26.73,26.627,26.491,72.695,-0.2867,-0.1383,0.1031,0.1356,44.41,-2.833,0.884,87.76,0.0,9.073,41.14188,12.87808,11.324635,7.2279344,high_z_dropout_candidate
34329,dropout,35.0,26.349,25.919,26.016,25.917,25.908,72.6506,0.4308,-0.0977,0.0997,0.0085,8.86,-2.796,0.437,254.3,0.0,9.678,225.38783,88.65381,11.313502,7.22042,high_z_dropout_candidate
39480,dropout,35.0,26.66,26.724,26.799,26.599,26.597,72.34,-0.0637,-0.0756,0.2007,0.0021,118.52,-2.212,0.697,82.22,0.0,9.53,129.90765,-13.44438,11.298674,7.2104096,high_z_dropout_candidate
29309,dropout,35.0,26.523,26.393,26.353,26.62,26.711,72.4769,0.1302,0.0403,-0.267,-0.0919,72.43,-1.827,0.85,153.59,0.0,9.628,153.29761,46.11817,11.289163,7.2039895,high_z_dropout_candidate
48893,dropout,35.0,27.237,26.801,27.065,26.956,26.893,71.7626,0.436,-0.2638,0.1089,0.0637,53.29,-1.503,0.346,942.01,0.0,10.122,230.37253,-73.90394,11.225398,7.1609454,high_z_dropout_candidate
41728,dropout,35.0,26.697,26.504,26.977,26.777,26.686,72.3031,0.1934,-0.473,0.1998,0.0908,79.6,-2.015,0.371,575.57,0.0,10.118,197.83038,-83.36551,11.217256,7.155449,high_z_dropout_candidate
17642,dropout,35.0,26.645,26.684,26.749,27.008,27.171,72.3551,-0.0393,-0.0649,-0.2593,-0.163,92.83,-2.861,0.918,325.85,0.0,9.399,308.80416,3.22798,11.122798,7.0916862,high_z_dropout_candidate
1032,dropout,35.0,26.695,26.467,27.044,26.693,27.071,72.3046,0.2283,-0.5765,0.3506,-0.3784,83.52,-1.825,0.778,173.76,0.0,9.893,354.0954,12.43318,11.110531,7.0834055,high_z_dropout_candidate
36044,dropout,35.0,28.374,27.263,27.09,26.966,27.068,70.626,1.1114,0.1724,0.1238,-0.1018,26.29,-2.402,0.565,1265.15,0.0,10.235,340.58274,-66.61983,11.106399,7.080616,high_z_dropout_candidate
17125,dropout,35.0,26.479,26.273,26.428,26.401,26.51,72.5215,0.2053,-0.1547,0.0271,-0.1093,5.81,-2.574,0.4,98.06,0.0,9.896,105.91917,-49.41902,11.101141,7.077067,high_z_dropout_candidate
18064,dropout,35.0,26.394,26.521,26.709,26.532,26.401,72.606,-0.1266,-0.1883,0.1766,0.1316,20.63,-1.801,0.963,431.69,0.0,10.194,325.65868,32.57341,11.090907,7.0701585,high_z_dropout_candidate
19539,dropout,35.0,27.591,27.974,27.33,27.791,28.051,71.4093,-0.3835,0.6441,-0.4613,-0.2596,80.83,-2.935,0.682,948.73,0.0,9.86,113.8724,22.79678,11.085275,7.066356,ultra_high_z_candidate
5774,dropout,35.0,28.438,28.791,28.964,28.797,28.678,70.5615,-0.3525,-0.1726,0.1668,0.1188,304.38,-1.6,0.542,83.25,0.0,9.916,177.52516,51.2645,11.069098,7.0554366,ultra_high_z_candidate
43162,dropout,35.0,27.042,27.092,27.214,27.042,26.801,71.958,-0.05,-0.1218,0.1722,0.2408,49.6,-1.823,0.984,875.2,0.0,9.392,351.12745,16.30193,11.03704,7.033796,high_z_dropout_candidate
22581,dropout,35.0,26.521,26.348,26.513,26.277,26.1,72.4793,0.1723,-0.1651,0.2367,0.1764,52.12,-1.648,0.656,105.47,0.0,9.559,12.69284,-40.18879,11.022152,7.023746,high_z_dropout_candidate
29916,dropout,35.0,28.377,28.54,28.631,28.541,28.93,70.6232,-0.1631,-0.0915,0.0909,-0.3893,302.78,-1.658,0.359,408.36,0.0,9.6,337.55265,-21.64819,11.019552,7.021991,ultra_high_z_candidate
9212,dropout,35.0,27.684,25.835,26.099,25.812,26.245,71.3164,1.8484,-0.2634,0.2869,-0.4333,97.16,-1.846,0.826,757.14,0.0,10.816,226.17272,-44.27583,11.006685,7.013305,high_z_dropout_candidate
23916,anomaly,22.564,22.604,24.265,21.703,25.451,22.096,-0.0399,-1.6611,2.562,-3.7479,3.3551,125.34,-1.374,1.482,384.53,51.38,2.706,196.82607,-58.39872,10.998172,7.0075583,unclassified
4061,dropout,35.0,26.78,26.796,26.88,26.871,27.171,72.2196,-0.0151,-0.0843,0.0092,-0.3004,22.91,-1.882,0.473,703.39,0.0,9.358,329.01388,-70.51386,10.971062,6.989258,high_z_dropout_candidate
30591,dropout,35.0,26.741,26.795,27.185,26.462,26.845,72.2591,-0.0538,-0.3908,0.7233,-0.383,31.1,-2.53,0.543,640.75,0.0,9.724,300.92385,-62.11117,10.943024,6.9703307,high_z_dropout_candidate
48908,dropout,35.0,26.664,26.421,26.891,26.84,27.011,72.3355,0.2433,-0.4695,0.0505,-0.1709,41.24,-2.652,0.697,84.15,0.0,9.873,303.78432,17.98281,10.933877,6.9641566,high_z_dropout_candidate
42751,dropout,35.0,35.0,26.914,26.584,27.053,26.764,0.0,72.0862,0.3303,-0.4699,0.2894,1.89,-2.981,0.394,1624.57,0.0,13.127,359.84572,-64.49493,10.923211,6.9569564,high_z_dropout_candidate
11684,dropout,35.0,26.562,26.872,26.581,26.673,27.086,72.4383,-0.31,0.2911,-0.0924,-0.4132,16.09,-2.107,0.816,444.35,0.0,10.026,254.86418,7.03981,10.907798,6.946552,high_z_dropout_candidate
45067,anomaly,23.2,25.561,26.65,23.254,25.573,24.152,-2.3609,-1.0893,3.3959,-2.3186,1.421,119.88,2.793,2.192,92.27,130.85,10.886,212.58758,35.50387,10.877756,6.9262724,ultra_high_z_candidate
15729,dropout,35.0,27.001,26.703,26.75,26.553,26.752,71.9988,0.2987,-0.0478,0.1972,-0.1988,141.33,-2.773,0.705,294.15,0.0,9.189,325.25917,-32.37693,10.8631935,6.9164424,high_z_dropout_candidate
12523,dropout,35.0,27.006,26.729,26.783,27.044,27.003,71.9939,0.2773,-0.0547,-0.2604,0.0408,127.06,-1.737,0.341,375.52,0.0,9.388,32.84846,-74.29407,10.840383,6.901044,high_z_dropout_candidate
22583,dropout,35.0,27.055,26.937,27.15,26.849,27.417,71.9448,0.118,-0.2127,0.3012,-0.5683,132.07,-2.006,0.757,187.17,0.0,10.196,105.84964,50.70804,10.83603,6.8981056,high_z_dropout_candidate
31690,dropout,35.0,26.683,27.023,26.8,26.828,26.748,72.3172,-0.3404,0.2231,-0.0278,0.0797,71.93,-1.899,0.822,43.11,0.0,9.262,279.4789,-1.88623,10.832348,6.89562,high_z_dropout_candidate
42045,dropout,35.0,26.662,26.951,26.547,27.18,27.032,72.3383,-0.2897,0.4045,-0.6335,0.1488,9.69,-2.892,0.828,201.75,0.0,9.765,97.31546,42.19287,10.819562,6.886989,high_z_dropout_candidate
42873,dropout,35.0,26.726,26.584,26.987,26.694,26.648,72.2737,0.1423,-0.4032,0.2931,0.0458,69.03,-1.969,0.641,57.76,0.0,9.157,124.15291,1.28588,10.794335,6.86996,high_z_dropout_candidate
36605,anomaly,30.008,29.521,27.012,30.5,27.008,29.435,0.4875,2.5085,-3.4879,3.4927,-2.4271,33.31,-2.901,0.674,68.33,25.37,11.563,220.64332,-83.83924,10.771496,6.8545423,ultra_high_z_candidate
10989,dropout,35.0,27.283,26.698,27.169,27.636,27.013,71.7168,0.5856,-0.4719,-0.4666,0.6231,42.41,-2.416,0.693,781.6,0.0,9.668,77.14969,-58.42364,10.769871,6.8534455,high_z_dropout_candidate
31941,dropout,35.0,26.753,26.878,26.899,27.429,26.84,72.2472,-0.1247,-0.0219,-0.5297,0.5887,49.4,-2.232,0.798,183.96,0.0,10.13,147.34009,-73.23143,10.759037,6.8461323,high_z_dropout_candidate
31515,anomaly,23.425,23.139,25.416,22.117,24.885,22.277,0.2854,-2.2765,3.2984,-2.7683,2.6083,158.04,-1.526,3.182,39.2,226.81,12.963,37.97701,11.0655,10.757486,6.8450856,ultra_high_z_candidate
49957,dropout,35.0,26.825,26.975,27.018,26.649,26.743,72.1751,-0.1501,-0.0431,0.3688,-0.0939,68.86,-1.528,0.557,616.54,0.0,10.04,281.96865,62.54746,10.756682,6.8445425,high_z_dropout_candidate
13419,dropout,35.0,27.118,26.778,26.806,26.31,26.519,71.882,0.3396,-0.0276,0.4963,-0.2096,140.75,-2.283,0.697,486.97,0.0,9.325,84.30389,-83.62814,10.742853,6.8352075,high_z_dropout_candidate
47786,dropout,35.0,28.222,26.421,26.371,26.742,25.959,70.7782,1.8005,0.0499,-0.3706,0.7829,204.06,-2.948,0.562,650.29,0.0,10.88,333.40849,-80.0656,10.73791,6.8318706,high_z_dropout_candidate
9721,dropout,35.0,26.752,26.978,26.528,27.231,27.022,72.2478,-0.2261,0.45,-0.7032,0.2093,8.29,-1.922,0.686,185.23,0.0,9.276,316.75362,8.89195,10.680942,6.7934146,high_z_dropout_candidate
18784,dropout,35.0,27.005,27.198,27.623,27.172,27.164,71.9947,-0.193,-0.4249,0.4516,0.0078,111.67,-2.118,0.485,35.44,0.0,9.932,336.21826,-72.14868,10.680398,6.7930474,high_z_dropout_candidate
14387,dropout,35.0,26.57,26.781,26.638,26.215,26.644,72.4304,-0.2116,0.1432,0.4227,-0.4288,0.54,-2.984,0.689,239.06,0.0,9.985,349.17505,-51.74678,10.65792,6.777874,high_z_dropout_candidate
40693,anomaly,27.582,27.529,27.592,23.467,27.597,27.58,0.0536,-0.0627,4.125,-4.1309,0.0178,111.39,-1.688,3.802,589.61,32.24,2.428,46.29417,-0.66757,10.655056,6.7759404,extreme_emission_line
38121,dropout,35.0,26.94,26.558,26.346,26.665,26.801,72.0599,0.3824,0.2121,-0.3191,-0.1368,74.19,-2.338,0.819,33.73,0.0,9.032,166.43372,28.95779,10.652181,6.7739997,high_z_dropout_candidate
41289,dropout,35.0,26.798,26.929,26.737,26.833,27.233,72.2021,-0.1314,0.1926,-0.096,-0.4001,63.56,-2.997,0.352,409.81,0.0,9.507,37.90448,1.81794,10.614078,6.7482786,high_z_dropout_candidate
1756,dropout,35.0,27.579,25.758,25.774,25.819,26.727,71.4206,1.8217,-0.0167,-0.0448,-0.9078,25.27,-2.502,0.653,10.26,0.0,11.764,232.27263,19.07685,10.603094,6.7408643,high_z_dropout_candidate
10543,anomaly,27.558,27.505,27.612,27.517,23.541,27.632,0.053,-0.1062,0.0947,3.976,-4.0913,283.49,-0.153,0.714,211.31,97.8,9.473,285.47747,-58.7438,10.60265,6.7405643,ultra_high_z_candidate
32139,dropout,35.0,35.0,28.227,28.368,28.515,28.296,0.0,70.7728,-0.1404,-0.1479,0.2198,10.43,-2.971,0.875,1763.59,0.0,12.496,316.19718,68.86087,10.592397,6.733643,ultra_high_z_candidate
32848,dropout,35.0,26.694,27.036,27.077,26.782,27.058,72.306,-0.3421,-0.0413,0.2957,-0.2766,4.91,-2.433,0.964,29.04,0.0,10.022,326.29414,-20.23784,10.592368,6.7336235,high_z_dropout_candidate
44242,dropout,35.0,26.777,26.68,26.866,26.997,26.506,72.2234,0.0963,-0.186,-0.1305,0.4911,10.35,-1.896,0.427,64.0,0.0,10.197,32.74471,45.3391,10.556621,6.7094927,high_z_dropout_candidate
19747,anomaly,23.169,25.374,22.738,26.405,22.54,23.678,-2.2049,2.6358,-3.667,3.8648,-1.1381,62.05,1.804,1.095,61.13,115.39,2.939,201.61107,17.38171,10.5289345,6.690803,extremely_red_object
20626,dropout,35.0,26.738,26.586,27.131,26.963,26.816,72.2616,0.152,-0.5444,0.168,0.147,14.06,-2.968,0.708,188.99,0.0,10.136,330.66781,64.3056,10.519363,6.6843424,high_z_dropout_candidate
31867,dropout,35.0,26.931,27.116,26.864,27.349,26.736,72.0687,-0.1843,0.2517,-0.4847,0.6125,66.91,-1.882,0.997,100.87,0.0,9.468,127.15698,37.11754,10.518507,6.6837645,high_z_dropout_candidate
15747,dropout,35.0,26.721,26.866,26.738,26.713,26.661,72.2793,-0.1455,0.1284,0.0248,0.0521,33.15,-2.781,0.545,92.59,0.0,10.087,264.42342,-2.82095,10.513246,6.6802125,high_z_dropout_candidate
29873,anomaly,25.825,27.713,29.07,25.238,27.714,26.041,-1.8873,-1.3572,3.8318,-2.4763,1.6731,13.28,2.67,1.053,366.55,65.1,4.704,9.37238,35.42501,10.512219,6.6795197,extremely_red_object
4719,dropout,35.0,27.377,26.244,26.286,26.612,26.696,71.6232,1.1327,-0.0415,-0.3265,-0.0841,91.91,-2.23,0.477,15.48,0.0,11.265,3.78171,76.6401,10.498425,6.6702075,high_z_dropout_candidate
25676,dropout,35.0,26.911,26.467,26.845,26.85,26.905,72.089,0.4441,-0.3783,-0.0049,-0.055,59.12,-2.781,0.883,88.05,0.0,8.976,118.02945,36.93974,10.47595,6.6550364,high_z_dropout_candidate
37218,dropout,35.0,26.695,26.718,27.046,26.774,26.975,72.3049,-0.0229,-0.3284,0.272,-0.2005,22.29,-1.89,0.402,201.91,0.0,9.234,154.01555,40.14976,10.471987,6.652361,high_z_dropout_candidate
7668,dropout,35.0,27.662,27.73,27.785,27.831,27.809,71.3382,-0.0684,-0.0545,-0.0466,0.0224,101.43,-2.097,0.754,903.07,0.0,9.254,274.36162,-57.92113,10.46462,6.647388,high_z_dropout_candidate
25153,dropout,35.0,27.412,26.91,27.833,27.469,27.813,71.5885,0.5019,-0.9234,0.3643,-0.3446,33.38,-1.511,0.803,776.17,0.0,8.988,351.23919,9.29349,10.43847,6.629736,high_z_dropout_candidate
2840,anomaly,23.346,23.469,23.408,23.496,19.475,23.413,-0.1232,0.0608,-0.0875,4.0207,-3.9379,239.66,-1.546,2.448,281.27,130.85,0.987,222.71345,-62.11415,10.419046,6.6166244,extreme_emission_line
26917,dropout,35.0,27.251,26.814,26.823,26.952,26.908,71.7492,0.4372,-0.0097,-0.1285,0.0439,123.0,-2.635,0.731,540.68,0.0,9.065,160.55682,12.90438,10.41788,6.6158366,high_z_dropout_candidate
33183,dropout,35.0,30.26,30.137,30.435,30.178,30.615,68.7396,0.1229,-0.2978,0.2574,-0.4374,6.95,-1.942,0.398,1514.8,0.0,9.1,245.26457,-88.84966,10.41053,6.610875,ultra_high_z_candidate
45227,dropout,35.0,26.646,27.071,26.88,26.503,26.679,72.3541,-0.4249,0.1909,0.3765,-0.1762,6.11,-2.688,0.561,373.19,0.0,9.586,105.51054,46.61557,10.406092,6.607879,high_z_dropout_candidate
35123,dropout,35.0,26.839,26.712,26.917,26.761,26.48,72.1611,0.1269,-0.2054,0.156,0.2818,20.49,-1.999,0.338,21.2,0.0,9.92,120.94973,-8.86441,10.403002,6.6057935,high_z_dropout_candidate
28995,dropout,35.0,27.089,26.026,25.895,26.026,26.033,71.9108,1.0631,0.1309,-0.1308,-0.0069,14.2,-2.058,0.855,78.97,0.0,10.897,246.97969,19.14614,10.399423,6.6033773,high_z_dropout_candidate
8062,dropout,35.0,26.891,27.188,27.255,27.217,27.279,72.1088,-0.2973,-0.0666,0.0383,-0.0619,83.82,-2.18,0.847,331.69,0.0,9.73,149.7523,-62.89647,10.368864,6.582749,high_z_dropout_candidate
1422,dropout,35.0,27.205,26.754,26.998,27.226,27.04,71.7953,0.451,-0.2442,-0.2282,0.1859,48.04,-1.717,0.416,693.41,0.0,9.201,216.64338,-84.28324,10.336785,6.5610943,high_z_dropout_candidate
18088,anomaly,24.042,23.964,24.063,24.03,20.164,24.028,0.0787,-0.0988,0.0328,3.8654,-3.8634,124.64,-0.692,3.832,39.95,90.89,9.843,66.04881,-39.27589,10.326837,6.5543785,ultra_high_z_candidate
32792,dropout,35.0,26.948,26.733,26.528,27.014,26.542,72.0518,0.2149,0.2048,-0.4852,0.4719,30.74,-2.325,0.766,157.46,0.0,9.968,353.22289,-77.89088,10.295326,6.5331078,high_z_dropout_candidate
45394,dropout,35.0,27.036,26.952,27.174,27.088,26.988,71.9639,0.084,-0.2215,0.0856,0.0997,87.94,-1.828,0.848,75.65,0.0,9.715,34.52644,-31.3982,10.292732,6.531357,high_z_dropout_candidate
20544,dropout,35.0,26.977,26.902,27.028,27.244,27.032,72.0235,0.0747,-0.1266,-0.2151,0.2118,77.65,-2.409,0.936,352.33,0.0,9.337,120.01363,54.45346,10.244903,6.4990697,high_z_dropout_candidate
29078,dropout,35.0,27.512,27.505,27.812,28.18,27.652,71.4876,0.007,-0.3067,-0.3683,0.5282,65.94,-2.701,0.848,788.3,0.0,10.081,252.316,-71.00782,10.2435,6.4981227,high_z_dropout_candidate
29808,anomaly,24.971,24.996,24.969,20.796,24.936,24.992,-0.0247,0.0262,4.1738,-4.1399,-0.0562,61.34,-1.687,3.17,471.07,109.05,6.155,283.63286,-70.18912,10.230771,6.48953,extreme_emission_line
21443,dropout,35.0,27.532,27.274,27.638,27.035,27.411,71.4677,0.2581,-0.3639,0.6037,-0.3768,160.86,-2.072,0.678,251.7,0.0,9.83,186.25645,-74.5665,10.226467,6.486625,high_z_dropout_candidate
38857,dropout,35.0,35.0,26.131,26.408,26.553,26.599,0.0,72.8691,-0.2772,-0.1444,-0.0461,126.25,-1.675,0.692,1465.26,0.0,12.821,107.19944,10.52633,10.22033,6.4824824,high_z_dropout_candidate
44137,dropout,35.0,29.5,27.006,27.04,27.123,27.15,69.5002,2.4942,-0.0343,-0.0827,-0.0271,25.87,-2.994,0.983,1260.01,0.0,10.909,249.44438,-24.2603,10.208624,6.47458,high_z_dropout_candidate
2665,anomaly,26.131,29.431,29.618,25.88,28.424,28.168,-3.2999,-0.1866,3.7379,-2.5436,0.2561,93.98,-2.438,0.893,5.72,94.37,5.066,118.98738,54.40625,10.207421,6.473768,inverted_SED
5136,dropout,35.0,26.924,27.174,26.493,26.474,26.757,72.0757,-0.2492,0.6808,0.0183,-0.2826,1.04,-1.766,0.828,52.91,0.0,8.969,134.29642,73.07493,10.201752,6.469941,high_z_dropout_candidate
33020,dropout,35.0,27.517,26.097,26.132,26.118,26.217,71.483,1.42,-0.0347,0.014,-0.0997,97.46,-2.677,0.712,148.65,0.0,11.886,137.30273,-11.01738,10.18985,6.461907,high_z_dropout_candidate
24790,dropout,35.0,28.395,27.939,28.311,28.29,28.436,70.605,0.456,-0.3717,0.0208,-0.146,264.73,-2.294,0.668,106.39,0.0,9.469,317.92015,-20.04561,10.181706,6.4564095,ultra_high_z_candidate
31417,dropout,35.0,26.907,26.782,26.652,26.734,26.914,72.0932,0.125,0.1295,-0.0821,-0.1799,22.45,-1.97,0.452,385.76,0.0,10.1,114.29965,-71.81834,10.159358,6.4413233,high_z_dropout_candidate
39205,dropout,35.0,27.115,26.777,26.809,27.07,26.971,71.8849,0.3381,-0.0316,-0.2613,0.0992,63.17,-2.777,0.314,66.9,0.0,9.928,343.68501,-57.33066,10.157733,6.4402266,high_z_dropout_candidate
25729,dropout,35.0,27.119,26.993,27.169,27.307,27.48,71.8814,0.126,-0.1768,-0.1381,-0.1721,85.23,-2.272,0.475,129.21,0.0,9.526,167.26922,-36.37771,10.153167,6.4371443,high_z_dropout_candidate
384,dropout,35.0,26.86,26.847,26.909,26.791,26.825,72.1402,0.0129,-0.0623,0.1182,-0.0335,28.45,-1.879,1.0,387.22,0.0,9.977,41.10616,3.29737,10.141838,6.429497,high_z_dropout_candidate
46718,dropout,35.0,27.307,27.099,27.381,27.111,27.213,71.6929,0.208,-0.2815,0.2697,-0.102,131.78,-2.562,0.694,406.0,0.0,9.227,71.70949,-76.0389,10.139819,6.428134,high_z_dropout_candidate
49697,dropout,35.0,29.4,29.467,29.673,29.307,29.32,69.6002,-0.0672,-0.2059,0.3657,-0.0133,187.61,-2.081,0.441,1216.48,0.0,9.673,127.57803,-38.60059,10.092147,6.395953,ultra_high_z_candidate
35453,dropout,35.0,28.64,25.764,26.063,26.26,26.193,70.3598,2.8759,-0.2991,-0.1966,0.0674,140.94,-1.914,0.544,31.4,0.0,10.875,104.36275,-46.17968,10.085397,6.3913965,high_z_dropout_candidate
12864,dropout,35.0,27.463,26.769,27.007,27.387,26.96,71.537,0.6936,-0.2377,-0.3797,0.4265,0.48,-1.596,0.904,758.6,0.0,9.013,289.34633,-84.23608,10.083275,6.389964,high_z_dropout_candidate
11913,dropout,35.0,28.571,26.576,26.58,26.675,26.876,70.4292,1.9946,-0.0043,-0.0943,-0.201,226.34,-2.428,0.648,47.58,0.0,10.484,298.61256,-52.81271,10.073316,6.383241,high_z_dropout_candidate
12499,dropout,35.0,26.967,26.743,26.541,26.52,26.436,72.0327,0.2239,0.2021,0.0213,0.0835,0.13,-2.023,0.921,22.39,0.0,9.116,282.63014,-30.4473,10.065829,6.3781877,high_z_dropout_candidate
39935,anomaly,24.065,24.354,24.399,27.029,23.296,26.184,-0.2891,-0.0446,-2.63,3.7329,-2.8885,63.87,2.604,2.891,61.24,141.52,12.487,283.56658,-48.18645,10.036485,6.358379,ultra_high_z_candidate
26378,anomaly,25.821,22.33,23.011,25.88,22.512,25.713,3.4912,-0.681,-2.8688,3.368,-3.201,82.82,-2.434,0.895,129.35,80.71,12.73,17.69044,53.44439,10.025649,6.351064,ultra_high_z_candidate
7926,dropout,35.0,27.444,27.559,27.347,27.645,27.196,71.5562,-0.1156,0.2119,-0.298,0.4499,119.17,-2.054,0.467,44.28,0.0,10.048,147.10631,-59.31847,10.012431,6.3421416,high_z_dropout_candidate
46285,dropout,35.0,35.0,26.609,26.434,26.566,26.759,0.0,72.3905,0.1751,-0.1313,-0.1937,31.68,-2.734,0.911,1514.29,0.0,12.726,213.01572,44.55023,10.007446,6.3387766,high_z_dropout_candidate
24185,dropout,35.0,28.294,26.1,26.137,26.552,26.014,70.7065,2.1937,-0.0374,-0.415,0.5384,54.33,-1.51,0.895,784.64,0.0,11.353,193.63894,-32.67448,10.002686,6.335563,high_z_dropout_candidate
12418,dropout,35.0,27.174,27.355,27.067,27.37,27.161,71.8259,-0.1809,0.2883,-0.3034,0.209,76.84,-2.92,0.539,113.93,0.0,10.07,237.95584,28.22616,9.997986,6.3323903,high_z_dropout_candidate
12854,dropout,35.0,27.213,27.479,26.955,27.136,27.263,71.7871,-0.2664,0.524,-0.1811,-0.1269,71.22,-1.68,0.511,479.31,0.0,10.142,188.12639,50.11133,9.969323,6.313042,high_z_dropout_candidate
46288,anomaly,25.352,25.231,25.158,25.159,21.373,25.383,0.1208,0.0729,-0.0011,3.7865,-4.01,68.22,-0.876,3.667,77.17,54.73,1.214,144.25233,-46.68895,9.949534,6.2996836,unclassified
26305,anomaly,28.009,25.636,25.673,27.947,25.341,28.811,2.3725,-0.0364,-2.2743,2.6054,-3.4696,4.22,0.957,3.572,40.13,113.78,5.624,75.1328,31.49562,9.940363,6.2934923,extremely_red_object
46224,dropout,35.0,33.346,30.517,30.67,30.542,29.996,65.6542,2.8289,-0.1534,0.1285,0.5463,32.08,-2.961,0.896,1784.95,0.0,10.416,68.92735,4.11415,9.911991,6.27434,ultra_high_z_candidate
15292,dropout,35.0,28.064,26.175,26.391,25.874,25.773,70.9361,1.889,-0.2163,0.517,0.1012,142.15,-2.471,0.463,90.09,0.0,10.596,287.013,-75.92641,9.901521,6.2672725,high_z_dropout_candidate
6561,dropout,35.0,27.051,27.085,27.007,27.078,26.86,71.9491,-0.0344,0.0778,-0.0707,0.2184,2.18,-2.288,0.541,27.52,0.0,9.615,269.88933,8.85103,9.898991,6.2655644,high_z_dropout_candidate
35862,dropout,35.0,26.929,27.177,27.213,27.221,26.739,72.0714,-0.2485,-0.0356,-0.0085,0.4821,10.66,-2.374,0.667,282.88,0.0,9.627,246.79278,-42.91608,9.888349,6.258381,high_z_dropout_candidate
30245,dropout,35.0,27.044,27.25,27.117,27.205,27.067,71.9555,-0.2052,0.1329,-0.0884,0.1385,40.15,-2.801,0.875,486.7,0.0,9.111,207.30269,-64.85039,9.885415,6.2564006,high_z_dropout_candidate
31645,dropout,35.0,27.117,27.266,27.09,27.237,26.959,71.8827,-0.1491,0.1761,-0.1471,0.2788,21.96,-2.597,0.936,4.08,0.0,9.863,200.91928,-0.26249,9.881795,6.253957,high_z_dropout_candidate
911,dropout,35.0,27.061,27.004,27.261,27.113,27.373,71.9391,0.0572,-0.2569,0.1479,-0.2606,24.05,-1.785,0.709,148.57,0.0,10.138,39.45523,71.18016,9.869938,6.2459526,high_z_dropout_candidate
40692,dropout,35.0,27.72,28.161,27.573,28.16,27.882,71.2804,-0.4418,0.5883,-0.5873,0.2785,174.08,-2.585,0.829,283.58,0.0,8.998,152.67949,-14.96601,9.865645,6.243055,high_z_dropout_candidate
49151,dropout,35.0,27.206,26.463,26.921,26.972,26.973,71.7942,0.7431,-0.458,-0.051,-0.0011,30.43,-2.693,0.96,155.37,0.0,9.488,223.62975,17.42889,9.862469,6.2409105,high_z_dropout_candidate
4874,anomaly,26.861,29.764,27.457,30.388,27.427,29.862,-2.9031,2.3075,-2.9316,2.9616,-2.4353,263.3,-0.48,1.001,8.06,604.39,3.988,2.67021,69.88436,9.840452,6.2260485,extreme_emission_line
18520,dropout,35.0,27.086,26.708,26.401,26.516,26.68,71.9141,0.3781,0.3071,-0.1153,-0.1637,2.81,-1.763,0.941,133.55,0.0,9.125,144.0896,-70.8101,9.832725,6.220832,high_z_dropout_candidate
17847,anomaly,30.576,27.4,27.492,29.377,26.926,30.635,3.1757,-0.0917,-1.8855,2.4509,-3.7083,56.79,2.245,3.955,18.87,85.5,8.865,74.34044,52.96466,9.824175,6.2150607,ultra_high_z_candidate
12534,dropout,35.0,30.968,30.754,30.731,30.285,30.65,68.0317,0.2147,0.0228,0.4463,-0.3652,368.67,-2.791,0.768,772.23,0.0,9.456,81.62151,64.94514,9.791123,6.1927495,ultra_high_z_candidate
26641,anomaly,25.142,25.311,25.272,21.259,25.199,25.212,-0.1687,0.0386,4.0135,-3.9408,-0.0127,28.32,-0.287,1.186,429.54,76.79,3.733,106.65121,-50.70197,9.750479,6.165313,extreme_emission_line
20920,dropout,35.0,27.345,27.345,26.702,27.322,27.669,71.6553,-0.0007,0.6431,-0.6198,-0.3465,25.35,-1.832,0.476,156.67,0.0,9.649,244.97924,-20.1539,9.746597,6.1626925,high_z_dropout_candidate
36497,dropout,35.0,27.393,27.01,26.926,27.074,26.933,71.6066,0.3835,0.0841,-0.1479,0.1407,32.73,-2.683,0.563,668.43,0.0,9.852,283.46245,59.33412,9.741335,6.15914,high_z_dropout_candidate
30470,dropout,35.0,27.483,26.406,25.937,25.953,25.722,71.5171,1.0769,0.4693,-0.0164,0.231,60.08,-1.579,0.871,113.13,0.0,11.412,216.3763,8.92104,9.728334,6.1503644,high_z_dropout_candidate
25872,anomaly,25.931,26.159,29.319,25.885,28.895,29.367,-0.228,-3.1605,3.4347,-3.0109,-0.4711,26.31,-0.697,3.892,680.44,139.23,5.537,207.49853,47.1622,9.723778,6.1472883,extreme_emission_line
13802,anomaly,23.168,23.37,23.262,23.203,19.597,23.273,-0.202,0.1079,0.0591,3.6062,-3.6767,80.49,-1.473,3.965,31.61,328.67,0.078,163.77589,62.10985,9.722653,6.146529,unclassified
47587,dropout,35.0,35.0,28.279,28.203,28.235,28.062,0.0,70.7205,0.0763,-0.0316,0.1728,126.11,-2.231,0.537,1683.76,0.0,12.434,315.4829,80.75691,9.715482,6.1416883,ultra_high_z_candidate
40983,dropout,35.0,27.572,25.992,26.249,26.015,26.242,71.4278,1.5799,-0.2572,0.2346,-0.2272,21.32,-1.842,0.429,154.28,0.0,10.811,288.57358,-72.32939,9.71315,6.1401143,high_z_dropout_candidate
29983,anomaly,25.355,22.884,26.107,23.366,25.993,26.334,2.4708,-3.2237,2.7417,-2.6277,-0.3406,78.64,0.841,2.847,1528.63,41.94,11.449,28.87575,39.16412,9.7043295,6.13416,ultra_high_z_candidate
37939,dropout,35.0,27.197,27.344,27.377,27.205,27.169,71.8035,-0.1475,-0.0328,0.1714,0.036,60.3,-2.196,0.886,66.72,0.0,9.763,309.6766,32.86884,9.6966715,6.1289907,high_z_dropout_candidate
5203,anomaly,26.243,26.153,26.367,26.01,22.307,26.289,0.0891,-0.2138,0.3573,3.7028,-3.9819,16.81,-1.404,3.909,172.56,52.71,12.785,186.24676,18.20791,9.66192,6.1055317,ultra_high_z_candidate
42041,dropout,35.0,35.0,27.094,27.097,27.182,27.142,0.0,71.9062,-0.0031,-0.0846,0.04,387.42,-1.869,0.494,75.93,0.0,12.488,291.12732,-38.11264,9.655243,6.1010246,high_z_dropout_candidate
17010,dropout,35.0,27.227,27.477,27.048,27.144,27.199,71.7726,-0.2492,0.4285,-0.0961,-0.0544,31.89,-1.67,0.863,36.0,0.0,9.194,331.80405,73.27043,9.649264,6.0969887,high_z_dropout_candidate
20857,anomaly,24.488,24.538,24.357,24.415,20.391,24.619,-0.0507,0.181,-0.0576,4.024,-4.2277,25.59,-0.365,1.253,380.69,59.45,13.435,288.59705,-2.56662,9.640321,6.0909514,ultra_high_z_candidate
1065,dropout,35.0,27.346,27.535,26.972,27.394,27.489,71.6539,-0.1886,0.5626,-0.4223,-0.0945,2.6,-2.17,0.506,43.05,0.0,10.087,277.85456,-50.86497,9.634691,6.087151,high_z_dropout_candidate
12262,anomaly,22.121,24.589,21.249,25.189,21.659,21.561,-2.4685,3.3399,-3.9397,3.5305,0.0977,5.18,0.474,2.577,108.72,208.47,6.193,91.17177,-21.57465,9.619464,6.0768723,unclassified
40524,dropout,35.0,28.907,27.582,27.459,27.438,27.063,70.0929,1.3256,0.1229,0.0208,0.3745,98.16,-2.886,0.406,1104.58,0.0,10.455,36.83484,33.62251,9.593954,6.059652,high_z_dropout_candidate
23013,anomaly,26.084,27.895,24.995,28.109,25.455,24.918,-1.8103,2.8998,-3.1144,2.654,0.5374,396.39,0.318,1.468,107.49,93.09,10.94,343.28585,16.74305,9.589231,6.0564632,ultra_high_z_candidate
2904,anomaly,30.1,29.283,26.949,29.902,26.889,29.393,0.8172,2.3336,-2.9528,3.0135,-2.5044,31.18,1.39,1.957,146.85,165.93,2.815,123.97806,64.50066,9.578621,6.0493016,extremely_red_object
45678,dropout,35.0,30.327,28.34,28.469,28.459,29.481,68.6725,1.9872,-0.1282,0.0095,-1.0218,5.0,-2.644,0.334,1363.27,0.0,10.3,317.91461,-87.70623,9.578183,6.049006,ultra_high_z_candidate
31996,dropout,35.0,27.591,26.533,26.565,26.5,26.18,71.4086,1.0587,-0.032,0.0649,0.3201,69.31,-2.778,0.522,5.98,0.0,10.538,205.38198,-27.76214,9.577303,6.048412,high_z_dropout_candidate
23897,dropout,35.0,27.563,26.494,26.44,26.167,26.533,71.4372,1.0689,0.0542,0.2731,-0.3668,23.66,-2.467,0.676,0.63,0.0,11.748,90.19588,-4.78671,9.576157,6.047638,high_z_dropout_candidate
9569,dropout,35.0,27.848,26.133,25.933,25.874,26.051,71.1517,1.7156,0.1997,0.0586,-0.1762,81.74,-2.154,0.838,136.15,0.0,11.186,177.2519,-46.02867,9.573109,6.0455804,high_z_dropout_candidate
21417,dropout,35.0,27.825,26.098,26.344,26.311,26.239,71.1751,1.7273,-0.2465,0.0329,0.0725,42.2,-2.633,0.337,26.62,0.0,11.209,161.51679,72.55583,9.571951,6.044799,high_z_dropout_candidate
30686,dropout,35.0,28.023,27.801,27.948,28.123,27.512,70.9772,0.2219,-0.1474,-0.1744,0.611,180.5,-2.135,0.758,28.66,0.0,9.576,317.85984,-88.86047,9.571181,6.0442796,high_z_dropout_candidate
20718,anomaly,24.118,24.197,24.264,24.003,20.22,24.398,-0.0796,-0.0665,0.2604,3.7835,-4.1779,100.12,-0.303,1.586,119.06,3.92,8.52,229.62456,77.89794,9.566135,6.040873,ultra_high_z_candidate
13636,dropout,35.0,28.755,26.509,26.46,26.246,26.651,70.2454,2.246,0.0488,0.2138,-0.4052,115.89,-2.36,0.761,823.44,0.0,11.571,345.15506,-53.35611,9.551912,6.031272,high_z_dropout_candidate
31872,dropout,35.0,27.178,27.631,27.24,27.443,27.266,71.8219,-0.4534,0.3911,-0.2023,0.1772,7.21,-2.534,0.521,334.55,0.0,9.616,344.45525,0.51981,9.538368,6.022129,high_z_dropout_candidate
12594,dropout,35.0,27.805,26.733,26.517,26.443,26.423,71.1951,1.0721,0.2158,0.0739,0.0202,108.62,-2.509,0.855,31.12,0.0,11.926,71.62345,-75.38176,9.536586,6.020926,high_z_dropout_candidate
15910,dropout,35.0,27.868,25.898,26.078,25.883,26.163,71.1322,1.9698,-0.1803,0.195,-0.2795,6.0,-2.747,0.811,158.01,0.0,11.5,290.75995,-17.69633,9.524967,6.013083,high_z_dropout_candidate
30285,anomaly,23.983,23.23,26.673,23.789,26.737,24.12,0.7536,-3.4434,2.8841,-2.9482,2.6172,113.75,-0.643,2.388,51.39,311.78,10.738,154.75438,-57.7912,9.521696,6.0108747,ultra_high_z_candidate
28075,dropout,35.0,27.14,27.589,27.473,27.565,27.028,71.86,-0.4492,0.1166,-0.0928,0.5377,17.22,-2.637,0.915,283.2,0.0,9.032,9.59129,83.65577,9.513168,6.0051184,high_z_dropout_candidate
20904,dropout,35.0,27.31,27.737,27.157,27.391,27.3,71.6902,-0.4272,0.5801,-0.2345,0.0917,27.85,-2.526,0.929,446.75,0.0,9.723,164.49837,-81.12579,9.501024,5.9969206,high_z_dropout_candidate
36116,dropout,35.0,28.096,26.992,27.092,26.933,26.917,70.9042,1.1038,-0.1,0.1588,0.0159,132.4,-2.889,0.574,654.97,0.0,11.77,218.01574,26.05072,9.496581,5.993921,high_z_dropout_candidate
42797,dropout,35.0,28.677,25.798,26.198,26.189,25.772,70.3226,2.879,-0.3994,0.0089,0.4168,102.27,-1.975,0.45,367.45,0.0,11.759,143.87314,-24.15462,9.440993,5.956397,high_z_dropout_candidate
25184,dropout,35.0,27.253,27.591,27.343,27.319,27.549,71.7467,-0.3374,0.2473,0.0246,-0.2307,45.94,-2.39,0.537,186.97,0.0,9.05,296.5293,-6.45671,9.440365,5.9559727,high_z_dropout_candidate
16390,dropout,35.0,27.622,27.156,27.659,27.162,27.692,71.3781,0.4663,-0.5034,0.4968,-0.5299,70.35,-2.035,0.37,2.04,0.0,9.347,108.92121,14.30882,9.428783,5.948155,high_z_dropout_candidate
21162,anomaly,24.796,24.806,24.742,20.618,24.629,24.878,-0.0098,0.0642,4.124,-4.0107,-0.249,33.42,-1.611,2.06,40.51,102.17,12.295,140.17466,-44.30797,9.422545,5.943944,ultra_high_z_candidate
36950,dropout,35.0,27.458,27.316,27.254,27.03,27.263,71.5422,0.1415,0.0624,0.2243,-0.2331,74.11,-2.625,0.45,18.08,0.0,9.293,226.85281,23.46901,9.417687,5.9406643,high_z_dropout_candidate
1318,anomaly,23.767,23.78,25.891,22.959,25.734,23.288,-0.0128,-2.1119,2.9321,-2.7744,2.4462,38.64,1.823,1.941,255.51,85.2,2.85,285.55759,29.10318,9.411263,5.936328,extremely_red_object
8730,dropout,35.0,27.552,26.468,26.597,26.042,26.533,71.448,1.0842,-0.1297,0.5553,-0.4907,1.42,-2.571,0.889,160.29,0.0,11.647,8.576,49.02425,9.406328,5.9329967,high_z_dropout_candidate
49118,anomaly,27.285,23.714,27.009,24.031,27.241,24.387,3.5705,-3.2949,2.9782,-3.2102,2.8544,1.38,-1.473,0.311,382.72,102.24,4.507,38.89178,-46.46269,9.402734,5.93057,unclassified
31084,dropout,35.0,27.403,27.588,27.474,27.689,27.229,71.5973,-0.1857,0.114,-0.2149,0.4601,29.28,-2.276,0.307,30.59,0.0,10.024,17.38726,84.5168,9.400622,5.929145,high_z_dropout_candidate
42396,dropout,35.0,27.442,27.163,27.554,27.665,27.425,71.5582,0.2784,-0.3906,-0.1114,0.2407,67.25,-1.832,0.705,421.59,0.0,9.771,197.0651,-75.38404,9.400247,5.928891,high_z_dropout_candidate
36944,dropout,35.0,27.406,27.667,27.379,27.433,27.395,71.5943,-0.2611,0.2874,-0.0537,0.0382,87.31,-2.025,0.466,237.77,0.0,9.166,219.71928,46.94195,9.395577,5.9257393,high_z_dropout_candidate
18013,anomaly,25.862,25.824,26.024,25.805,22.004,25.883,0.0377,-0.2002,0.2191,3.8006,-3.878,32.65,-0.808,3.307,39.0,98.45,1.824,140.89845,54.26373,9.367237,5.9066086,unclassified
41853,anomaly,27.402,27.507,27.675,23.721,27.625,27.572,-0.1051,-0.1675,3.9535,-3.9041,0.0531,32.68,-1.474,2.615,263.35,33.77,14.992,305.60403,3.74116,9.364335,5.9046493,ultra_high_z_candidate
31595,dropout,35.0,27.694,26.489,26.035,25.952,26.276,71.3055,1.2053,0.4544,0.0824,-0.3232,54.28,-2.292,0.882,143.01,0.0,11.296,232.88726,55.0724,9.343291,5.890444,high_z_dropout_candidate
41530,anomaly,26.526,26.627,30.105,27.258,29.237,26.381,-0.1007,-3.4782,2.8476,-1.9787,2.8559,2.4,0.356,3.588,191.9,276.81,7.399,195.47357,-61.69572,9.340796,5.8887596,unclassified
41461,anomaly,25.173,27.418,25.018,28.274,25.628,25.297,-2.2448,2.3994,-3.2558,2.646,0.3311,396.63,-1.6,3.734,297.37,50.95,10.291,55.47354,34.47955,9.3278265,5.8800044,ultra_high_z_candidate
23489,anomaly,26.477,26.748,26.614,26.748,23.404,26.803,-0.2717,0.1344,-0.1339,3.3442,-3.3997,310.96,-1.08,2.077,43.51,147.21,14.899,61.29936,13.84542,9.327508,5.8797894,ultra_high_z_candidate
39751,dropout,35.0,27.417,27.625,27.531,27.633,27.734,71.5829,-0.2077,0.094,-0.1018,-0.1018,14.41,-2.586,0.597,4.01,0.0,9.257,289.55924,18.0468,9.304319,5.864136,high_z_dropout_candidate
33762,dropout,35.0,27.69,28.121,27.644,27.781,28.056,71.3099,-0.4304,0.4767,-0.1376,-0.2749,85.63,-1.847,0.763,34.84,0.0,9.581,169.62838,-14.23549,9.300442,5.861519,ultra_high_z_candidate
30291,dropout,35.0,28.187,26.92,27.135,26.687,26.756,70.8132,1.2671,-0.2153,0.4481,-0.0692,147.88,-2.923,0.403,84.58,0.0,11.928,268.33352,79.77315,9.289685,5.8542576,high_z_dropout_candidate
6163,anomaly,24.171,24.182,24.287,24.151,20.365,24.195,-0.0113,-0.1049,0.1357,3.7863,-3.8301,2.85,-1.244,1.586,6.09,108.24,1.265,341.6982,69.31978,9.285922,5.8517175,unclassified
32396,anomaly,23.572,23.664,26.292,23.238,26.065,24.144,-0.0926,-2.6272,3.054,-2.8279,1.9211,33.33,-0.647,0.635,10.9,3.73,12.412,293.53626,-55.52385,9.274417,5.8439507,ultra_high_z_candidate
6327,dropout,35.0,27.891,28.562,28.186,28.029,28.229,71.1087,-0.6707,0.3756,0.157,-0.1995,110.74,-2.206,0.477,6.51,0.0,10.175,235.64184,9.59427,9.26391,5.8368583,ultra_high_z_candidate
24854,dropout,35.0,28.97,27.955,27.812,27.96,27.921,70.0301,1.0146,0.1433,-0.1475,0.0387,20.89,-2.8,0.454,1131.01,0.0,11.412,82.65208,-59.3604,9.26353,5.8366017,high_z_dropout_candidate
10693,dropout,35.0,27.4,27.348,27.518,27.533,27.748,71.6001,0.052,-0.1699,-0.0147,-0.2158,46.5,-2.59,0.671,126.1,0.0,8.997,234.40669,27.8899,9.254296,5.8303685,high_z_dropout_candidate
29116,dropout,35.0,27.562,27.28,27.848,27.604,27.921,71.438,0.2818,-0.5682,0.2447,-0.3174,1.13,-2.189,0.683,2.72,0.0,9.756,232.09624,-37.4306,9.238484,5.819695,high_z_dropout_candidate
23755,dropout,35.0,27.43,27.339,27.636,27.769,27.321,71.5696,0.0912,-0.297,-0.1332,0.4484,29.95,-2.809,0.733,131.17,0.0,9.809,295.25653,25.92229,9.212777,5.8023415,high_z_dropout_candidate
26806,dropout,35.0,27.973,26.132,26.017,26.064,26.152,71.0272,1.8412,0.115,-0.0472,-0.0882,6.21,-2.098,0.724,74.47,0.0,11.187,301.41477,70.13543,9.210797,5.801005,high_z_dropout_candidate
48675,anomaly,24.036,24.105,24.108,24.188,20.216,23.825,-0.0689,-0.0033,-0.0802,3.9724,-3.609,6.03,-1.441,2.458,173.82,58.73,4.094,53.17203,75.18527,9.206292,5.7979636,unclassified
15995,dropout,35.0,27.408,27.316,27.357,27.307,27.162,71.5917,0.0923,-0.0413,0.0507,0.1449,40.93,-1.742,0.352,129.1,0.0,10.191,98.92268,10.12625,9.205029,5.7971106,high_z_dropout_candidate
28386,dropout,35.0,35.0,28.588,28.623,28.516,28.189,0.0,70.4123,-0.035,0.1067,0.3274,37.79,-2.677,0.34,1663.72,0.0,13.09,33.39148,-65.75657,9.203489,5.7960715,ultra_high_z_candidate
4245,anomaly,26.175,28.31,25.482,28.565,25.343,28.152,-2.1344,2.8273,-3.0827,3.2222,-2.8095,48.39,0.309,2.068,121.76,164.49,0.655,29.27791,82.1923,9.190976,5.787625,unclassified
28813,dropout,35.0,28.301,25.884,26.242,25.925,25.547,70.6994,2.4162,-0.3572,0.3163,0.3782,23.32,-1.904,0.799,121.81,0.0,11.811,320.15315,-38.78175,9.189077,5.786343,high_z_dropout_candidate
49085,anomaly,25.827,25.822,25.94,21.791,26.039,25.776,0.0048,-0.1176,4.1484,-4.248,0.2628,153.02,-0.757,1.005,196.88,127.86,2.417,234.02434,-13.30685,9.184831,5.7834764,extreme_emission_line
22544,dropout,35.0,27.984,26.481,26.713,27.087,26.86,71.0163,1.5028,-0.2318,-0.3742,0.2274,29.17,-1.6,0.893,1.44,0.0,11.165,124.64574,34.94464,9.1767,5.7779875,high_z_dropout_candidate
44585,dropout,35.0,27.437,27.369,27.17,27.388,27.448,71.5627,0.0685,0.1984,-0.2176,-0.0604,1.39,-1.95,0.422,122.11,0.0,9.776,66.3774,76.5726,9.158337,5.7655916,high_z_dropout_candidate
1964,dropout,35.0,28.282,26.752,26.107,26.812,26.592,70.7182,1.5298,0.6452,-0.7049,0.2195,92.11,-2.616,0.736,18.76,0.0,10.443,254.58621,84.57702,9.157033,5.764712,high_z_dropout_candidate
20770,dropout,35.0,29.144,26.104,26.559,26.288,26.27,69.856,3.0399,-0.455,0.2708,0.018,123.29,-2.306,0.592,608.52,0.0,11.282,142.04509,-1.08674,9.146885,5.757861,high_z_dropout_candidate
37471,anomaly,27.626,27.491,27.417,27.655,23.636,27.304,0.1352,0.0733,-0.2375,4.0192,-3.6688,151.6,-0.732,0.371,74.16,47.09,12.605,54.51063,-43.45473,9.145962,5.7572384,ultra_high_z_candidate
47663,dropout,35.0,27.444,27.478,27.915,27.341,27.627,71.5565,-0.0343,-0.4372,0.5744,-0.2862,14.88,-1.513,0.442,178.1,0.0,9.872,146.0704,-76.94291,9.14055,5.753585,high_z_dropout_candidate
18403,dropout,35.0,27.467,27.778,27.482,27.768,27.363,71.5331,-0.3113,0.296,-0.2853,0.4041,23.54,-1.951,0.507,168.02,0.0,10.141,63.21307,11.80437,9.13913,5.7526264,high_z_dropout_candidate
40235,dropout,35.0,28.101,26.158,26.255,26.19,26.199,70.8987,1.9432,-0.0965,0.0643,-0.0086,11.41,-2.841,0.921,570.28,0.0,10.552,82.3924,85.20017,9.131496,5.7474732,high_z_dropout_candidate
45165,anomaly,24.817,22.017,24.24,25.219,22.019,25.382,2.7995,-2.2226,-0.9787,3.1999,-3.3631,346.12,-2.098,1.891,205.59,208.42,4.343,210.46564,19.73301,9.128303,5.7453175,extreme_emission_line
48875,dropout,35.0,27.614,27.313,27.079,27.477,27.203,71.386,0.3006,0.2339,-0.3971,0.2739,48.21,-2.354,0.736,54.45,0.0,9.849,258.8979,51.96654,9.124694,5.7428813,high_z_dropout_candidate
4508,dropout,35.0,27.432,27.302,27.305,27.055,27.096,71.5678,0.1301,-0.0027,0.2493,-0.0407,11.81,-2.401,0.386,518.27,0.0,9.457,73.03732,-15.95913,9.118814,5.7389126,high_z_dropout_candidate
8938,dropout,35.0,27.617,26.805,26.666,26.78,26.412,71.3831,0.8122,0.1388,-0.1143,0.3682,18.39,-2.614,0.812,79.69,0.0,11.078,23.2875,72.06485,9.112465,5.7346263,high_z_dropout_candidate
20879,dropout,35.0,27.96,26.403,26.382,26.736,26.325,71.0405,1.5565,0.0209,-0.3537,0.4112,50.96,-2.989,0.83,158.18,0.0,11.268,20.1273,-6.68934,9.104972,5.7295685,high_z_dropout_candidate
22496,dropout,35.0,28.151,26.974,26.371,26.681,26.564,70.849,1.1772,0.6032,-0.3104,0.1169,106.57,-2.843,0.751,32.9,0.0,11.352,65.21201,-1.56413,9.071999,5.7073097,high_z_dropout_candidate
34472,dropout,35.0,27.853,26.372,26.686,26.394,26.62,71.1467,1.4813,-0.3138,0.2918,-0.2262,6.05,-2.839,0.424,164.43,0.0,11.818,326.6089,-26.98461,9.069092,5.7053475,high_z_dropout_candidate
48949,dropout,35.0,27.623,27.296,27.52,27.834,27.416,71.3766,0.3274,-0.224,-0.3144,0.4183,58.16,-1.888,0.867,92.96,0.0,9.003,83.55063,-13.64414,9.066849,5.7038336,high_z_dropout_candidate
47406,dropout,35.0,28.482,26.637,26.657,26.665,26.926,70.5182,1.8448,-0.0204,-0.0078,-0.2609,138.44,-1.902,0.773,15.47,0.0,10.88,28.88941,15.86637,9.064258,5.7020845,high_z_dropout_candidate
40277,dropout,35.0,27.531,27.616,27.733,27.216,27.563,71.4686,-0.0842,-0.1178,0.5175,-0.3468,6.19,-2.694,0.47,23.62,0.0,9.666,180.86676,-31.93456,9.059591,5.6989346,high_z_dropout_candidate
36052,dropout,35.0,28.48,27.573,26.998,27.354,27.464,70.5199,0.9066,0.5755,-0.3558,-0.1097,57.19,-2.932,0.322,877.84,0.0,11.299,220.38864,29.84497,9.051022,5.6931496,high_z_dropout_candidate
27476,anomaly,23.399,23.298,23.078,20.2,23.388,23.389,0.1007,0.2199,2.8778,-3.1882,-0.0002,129.8,-1.035,0.546,1305.25,149.84,8.714,312.95744,52.27976,9.035547,5.6827035,ultra_high_z_candidate
18321,dropout,35.0,27.848,26.36,26.597,26.75,26.85,71.1518,1.4885,-0.2374,-0.1531,-0.1002,6.9,-1.683,0.415,334.66,0.0,10.757,114.65551,41.70951,9.03302,5.680998,high_z_dropout_candidate
18263,dropout,35.0,27.832,26.472,26.457,26.211,26.367,71.1678,1.3604,0.0148,0.246,-0.1562,50.58,-2.041,0.599,97.64,0.0,10.586,292.7913,57.03239,9.027489,5.6772637,high_z_dropout_candidate
35297,dropout,35.0,28.218,26.992,26.634,26.748,26.581,70.782,1.2262,0.3575,-0.114,0.1672,147.59,-2.992,0.534,223.97,0.0,11.142,35.18872,-6.79407,9.01995,5.672175,high_z_dropout_candidate
15633,dropout,35.0,27.7,27.904,27.69,27.52,27.679,71.2999,-0.2041,0.2147,0.17,-0.159,77.79,-2.808,0.612,556.69,0.0,9.065,162.00317,71.44227,9.015524,5.669187,high_z_dropout_candidate
46596,dropout,35.0,28.33,26.433,26.776,26.493,26.661,70.6705,1.8965,-0.3431,0.2831,-0.1677,115.59,-1.715,0.421,195.43,0.0,11.548,125.1368,25.18096,9.015215,5.6689787,high_z_dropout_candidate
13436,dropout,35.0,28.164,26.286,26.226,26.682,26.474,70.8361,1.8783,0.0596,-0.4559,0.2077,43.75,-2.377,0.739,141.26,0.0,11.453,171.91783,-71.62727,9.006877,5.66335,high_z_dropout_candidate
29795,dropout,35.0,29.003,25.728,26.249,26.235,26.273,69.9965,3.2753,-0.5205,0.0135,-0.0375,36.89,-1.504,0.416,356.3,0.0,11.86,282.33835,-16.873,9.0013485,5.659618,high_z_dropout_candidate
21957,dropout,35.0,30.454,28.107,28.282,28.32,28.403,68.5456,2.3477,-0.175,-0.0385,-0.0832,74.89,-1.809,0.784,1297.68,0.0,10.376,31.96783,-88.14769,8.994657,5.655101,ultra_high_z_candidate
45934,dropout,35.0,28.171,26.192,26.467,26.134,26.227,70.8289,1.9794,-0.2751,0.333,-0.0935,70.03,-2.411,0.477,197.85,0.0,11.345,141.65427,-26.15745,8.992681,5.653767,high_z_dropout_candidate
27245,dropout,35.0,27.665,27.61,27.838,27.073,27.736,71.3347,0.0554,-0.2278,0.7646,-0.663,29.49,-2.015,0.576,517.43,0.0,9.031,227.01874,-33.2202,8.986477,5.649579,high_z_dropout_candidate
33953,dropout,35.0,28.734,27.164,27.57,26.973,27.353,70.2659,1.5704,-0.4063,0.5966,-0.3798,182.05,-2.546,0.345,475.8,0.0,11.755,25.75698,-40.59139,8.985577,5.6489716,high_z_dropout_candidate
22467,dropout,35.0,27.596,28.008,27.605,27.957,27.857,71.4041,-0.4118,0.4028,-0.3524,0.1007,32.04,-2.481,0.857,340.74,0.0,10.094,320.55832,-10.87801,8.975378,5.642087,high_z_dropout_candidate
19286,dropout,35.0,27.779,26.436,26.614,26.363,26.147,71.2209,1.3435,-0.1784,0.2513,0.2161,19.04,-1.644,0.332,351.19,0.0,11.392,178.38898,-56.24847,8.972217,5.6399527,high_z_dropout_candidate
33948,anomaly,27.016,28.855,29.516,26.354,29.463,29.551,-1.8388,-0.661,3.1627,-3.1098,-0.0881,26.24,-1.579,3.519,84.3,50.54,6.066,303.57493,78.94185,8.971807,5.639676,inverted_SED
42084,dropout,35.0,27.639,27.681,27.563,27.723,27.527,71.3609,-0.0421,0.1179,-0.1598,0.1957,33.09,-1.506,0.89,22.38,0.0,10.145,131.86741,45.4381,8.968517,5.6374555,high_z_dropout_candidate
2097,anomaly,25.128,24.989,24.958,20.971,25.033,25.155,0.1388,0.0313,3.9871,-4.0622,-0.1218,38.11,-1.202,1.79,24.61,32.73,4.377,183.20477,53.79249,8.96245,5.63336,unclassified
47322,anomaly,24.466,24.636,22.328,25.103,24.924,24.607,-0.1699,2.3081,-2.7744,0.1788,0.3168,19.11,-2.202,0.969,132.11,1204.5,11.015,20.9782,-32.94064,8.9536,5.6273856,ultra_high_z_candidate
17264,dropout,35.0,27.827,26.933,26.759,26.879,26.946,71.1727,0.8944,0.174,-0.1199,-0.0675,22.86,-2.77,0.646,599.77,0.0,10.375,151.20342,-30.44197,8.945846,5.6221514,high_z_dropout_candidate
2728,anomaly,26.899,26.791,25.215,27.544,24.305,26.72,0.1074,1.577,-2.3297,3.2388,-2.415,17.71,1.661,3.712,111.67,165.69,2.746,306.06906,-39.17043,8.945797,5.6221185,extremely_red_object
35997,anomaly,25.603,25.534,25.51,25.122,23.247,23.363,0.0685,0.0244,0.3876,1.8749,-0.1152,851.41,1.921,0.6,293.36,31.69,9.677,322.1589,58.49944,8.938876,5.6174464,ultra_high_z_candidate
13784,dropout,35.0,27.551,27.749,27.637,27.185,27.525,71.4493,-0.1984,0.1116,0.453,-0.3407,6.04,-1.67,0.54,487.26,0.0,9.665,290.86488,60.60426,8.933429,5.6137695,high_z_dropout_candidate
190,dropout,35.0,27.6,27.492,27.361,27.654,27.54,71.3998,0.1085,0.1306,-0.293,0.1138,8.16,-2.674,0.625,91.96,0.0,10.168,149.48675,69.92354,8.930234,5.611613,high_z_dropout_candidate
42493,anomaly,24.956,26.484,24.052,27.648,27.651,24.222,-1.5279,2.4323,-3.596,-0.0034,3.4295,143.22,-0.074,0.733,35.3,153.24,5.793,61.23395,-81.76912,8.929329,5.611002,unclassified
40279,dropout,35.0,27.531,27.511,27.967,27.627,27.664,71.4685,0.0201,-0.456,0.3402,-0.0373,9.78,-2.462,0.66,142.27,0.0,9.892,345.7236,-66.59561,8.925546,5.608448,high_z_dropout_candidate
47218,dropout,35.0,27.836,26.704,27.023,26.712,26.575,71.1635,1.1329,-0.3189,0.3105,0.1375,13.46,-2.709,0.89,40.95,0.0,11.611,355.91924,15.8285,8.916614,5.6024184,high_z_dropout_candidate
27346,anomaly,28.647,29.734,27.075,29.172,26.498,29.959,-1.0863,2.6585,-2.0969,2.6743,-3.461,217.67,1.056,1.804,234.83,10.06,10.32,236.5456,23.66679,8.902279,5.592742,ultra_high_z_candidate
46231,dropout,35.0,28.24,26.711,26.617,26.692,26.873,70.7604,1.5287,0.0943,-0.0754,-0.181,40.68,-2.461,0.748,679.76,0.0,11.817,324.02291,-45.48686,8.895653,5.588269,high_z_dropout_candidate
4363,anomaly,23.826,23.987,23.939,23.908,20.558,23.89,-0.1608,0.0481,0.0312,3.3495,-3.3316,280.48,-0.045,1.357,94.07,78.43,0.451,65.00696,-21.39572,8.894752,5.587661,extreme_emission_line
13517,dropout,35.0,27.622,27.653,27.459,27.464,27.173,71.3782,-0.0312,0.1941,-0.0047,0.2906,43.29,-1.809,0.608,29.11,0.0,9.356,340.45754,20.14842,8.893492,5.58681,high_z_dropout_candidate
16527,dropout,35.0,28.119,28.541,28.346,27.983,28.386,70.8814,-0.4224,0.1955,0.3621,-0.4028,1.48,-2.041,0.864,783.49,0.0,9.632,211.36074,-70.63313,8.883681,5.580188,ultra_high_z_candidate
33540,anomaly,25.621,25.648,22.811,26.347,23.663,25.496,-0.0268,2.8367,-3.536,2.6838,-1.8322,78.11,0.886,3.267,402.66,74.57,3.12,290.48203,34.80365,8.877191,5.575806,extremely_red_object
31568,dropout,35.0,27.755,27.781,27.949,27.615,28.048,71.2453,-0.0266,-0.1679,0.3346,-0.4328,67.54,-2.509,0.484,514.85,0.0,9.296,291.68349,5.58564,8.872129,5.5723896,ultra_high_z_candidate
23846,anomaly,26.703,28.888,26.28,29.671,26.781,29.116,-2.1854,2.6087,-3.3916,2.8904,-2.335,175.7,0.788,2.1,103.09,55.25,2.215,283.18836,88.51602,8.866679,5.568711,extremely_red_object
19182,dropout,35.0,27.807,27.651,27.314,27.239,27.915,71.1926,0.1567,0.3363,0.0758,-0.6759,76.33,-1.986,0.778,422.92,0.0,9.41,222.61976,-3.01538,8.862271,5.5657353,high_z_dropout_candidate
48266,dropout,35.0,28.222,26.881,26.306,26.652,26.613,70.7776,1.3415,0.5745,-0.3453,0.0386,85.41,-2.258,0.443,34.9,0.0,11.623,346.26925,-4.23287,8.860844,5.564771,high_z_dropout_candidate
6872,dropout,35.0,27.718,27.908,27.788,27.779,27.795,71.2817,-0.1896,0.1198,0.0092,-0.0162,55.01,-2.46,0.976,24.76,0.0,9.94,65.84895,-36.01673,8.859693,5.5639944,high_z_dropout_candidate
13267,anomaly,28.905,28.972,28.951,28.839,25.419,28.839,-0.0664,0.0208,0.1116,3.4203,-3.4201,224.39,-1.903,3.416,34.77,117.39,7.956,271.97533,-57.14012,8.854218,5.5602984,extreme_emission_line
49680,anomaly,30.63,28.249,27.06,30.216,27.26,29.34,2.3809,1.1891,-3.1559,2.9556,-2.0795,106.6,-2.803,2.787,34.59,185.66,6.509,184.96042,-21.75513,8.852468,5.5591173,blue_excess_source
61,dropout,35.0,35.0,29.168,28.849,29.275,29.64,0.0,69.8318,0.3193,-0.4263,-0.3645,15.07,-2.227,0.644,1682.74,0.0,13.207,323.07701,-6.59147,8.851342,5.5583577,ultra_high_z_candidate
28830,dropout,35.0,28.566,26.386,25.908,26.532,26.525,70.4341,2.1801,0.4777,-0.6241,0.007,7.1,-1.613,0.69,3.66,0.0,11.699,215.81157,79.5371,8.84903,5.5567966,high_z_dropout_candidate
4485,anomaly,23.815,23.908,23.962,23.847,20.156,23.819,-0.0937,-0.0533,0.1146,3.6913,-3.6631,150.27,-0.843,0.276,45.0,219.06,14.069,38.22768,-82.3092,8.845002,5.5540776,ultra_high_z_candidate
43531,dropout,35.0,27.86,27.533,28.101,27.947,28.18,71.1401,0.3264,-0.5676,0.1543,-0.2335,90.9,-1.556,0.939,348.17,0.0,9.837,200.37061,-39.71207,8.844397,5.553669,ultra_high_z_candidate
35477,dropout,35.0,28.134,26.326,26.179,26.314,26.363,70.8658,1.808,0.1469,-0.1347,-0.0488,54.44,-1.664,0.761,348.94,0.0,11.216,221.0448,59.86328,8.840352,5.5509386,high_z_dropout_candidate
49135,dropout,35.0,28.706,26.403,26.505,26.6,26.644,70.2936,2.3036,-0.1026,-0.095,-0.0434,138.88,-2.774,0.668,249.91,0.0,10.357,44.38468,34.88521,8.839495,5.5503597,high_z_dropout_candidate
21808,dropout,35.0,27.8,28.532,28.205,28.425,28.361,71.1999,-0.7322,0.3277,-0.2204,0.0639,38.1,-1.975,0.802,478.69,0.0,9.547,295.11087,-46.03424,8.825463,5.5408883,ultra_high_z_candidate
8614,dropout,35.0,27.977,26.425,26.416,26.727,26.784,71.023,1.5524,0.0082,-0.3107,-0.0568,1.65,-1.741,0.951,278.24,0.0,10.38,264.54741,-29.43452,8.815683,5.5342865,high_z_dropout_candidate
43657,dropout,35.0,27.709,27.759,27.741,27.474,27.582,71.2913,-0.0508,0.0186,0.2668,-0.1078,61.23,-2.081,0.684,27.32,0.0,9.429,157.55661,-74.69425,8.812616,5.532216,high_z_dropout_candidate
14708,anomaly,26.135,26.028,26.076,26.062,22.284,26.144,0.107,-0.0477,0.0141,3.7773,-3.8593,78.13,-1.302,1.255,3.41,54.78,11.407,132.04447,12.96089,8.8075905,5.5288234,ultra_high_z_candidate
17607,dropout,35.0,28.48,27.261,27.349,27.359,27.432,70.5202,1.2185,-0.0877,-0.01,-0.0725,183.6,-2.408,0.68,230.41,0.0,11.692,190.95911,-25.23822,8.806565,5.528131,high_z_dropout_candidate
6529,anomaly,22.931,22.117,21.508,25.15,24.684,22.447,0.8138,0.6088,-3.6416,0.4655,2.2376,182.76,2.725,3.874,57.28,87.49,7.231,25.98414,-6.80808,8.791696,5.5180936,extremely_red_object
14206,dropout,35.0,28.496,26.256,26.235,26.337,26.59,70.5037,2.2402,0.0207,-0.1014,-0.2529,87.73,-1.518,0.448,347.25,0.0,11.096,88.89873,83.08872,8.783205,5.512362,high_z_dropout_candidate
4868,dropout,35.0,27.723,27.924,27.934,28.007,28.265,71.2774,-0.2014,-0.0103,-0.0724,-0.2585,18.87,-1.722,0.394,488.09,0.0,9.977,312.29277,-59.37006,8.779267,5.509704,ultra_high_z_candidate
34296,dropout,35.0,27.652,27.784,27.518,27.726,27.182,71.3481,-0.132,0.2661,-0.2086,0.5444,6.12,-2.578,0.583,461.95,0.0,9.627,152.64035,-2.8827,8.776987,5.508165,high_z_dropout_candidate
18430,dropout,35.0,28.378,26.682,26.453,26.747,26.501,70.6224,1.6952,0.2298,-0.2945,0.2459,121.08,-1.807,0.545,165.35,0.0,10.422,86.70468,30.5893,8.770904,5.504058,high_z_dropout_candidate
18929,dropout,35.0,27.863,26.608,26.862,26.191,26.501,71.1366,1.2555,-0.2538,0.6708,-0.3099,19.57,-1.573,0.541,217.91,0.0,10.463,197.64364,87.99418,8.767634,5.501851,high_z_dropout_candidate
44948,dropout,35.0,28.768,25.915,26.053,26.067,26.395,70.2325,2.8523,-0.1381,-0.0133,-0.3285,40.84,-1.532,0.349,367.17,0.0,10.676,307.4212,7.0826,8.762937,5.49868,high_z_dropout_candidate
34526,anomaly,26.796,26.544,23.578,25.663,23.171,25.958,0.2519,2.9662,-2.0856,2.4919,-2.7867,265.12,2.19,2.592,176.46,6.13,4.764,142.61218,67.58268,8.751413,5.4909015,extremely_red_object
3993,anomaly,27.586,27.72,27.621,27.469,23.68,27.565,-0.1346,0.0989,0.1519,3.7896,-3.885,106.66,-0.343,0.344,67.86,55.27,6.02,125.00829,-19.91058,8.7502165,5.490093,unclassified
29571,dropout,35.0,27.675,27.669,27.358,27.615,27.294,71.3247,0.0063,0.3112,-0.2567,0.3208,2.83,-1.828,0.711,67.47,0.0,9.078,222.91059,-33.86907,8.745783,5.4871006,high_z_dropout_candidate
27702,anomaly,25.461,25.376,25.513,25.492,21.699,25.458,0.0858,-0.1372,0.0204,3.7936,-3.7594,67.67,-1.957,1.874,24.52,118.15,4.085,315.34958,-55.23113,8.741353,5.4841104,unclassified
40341,dropout,35.0,28.588,26.282,26.802,26.546,26.238,70.412,2.3061,-0.5197,0.2556,0.3078,47.25,-2.789,0.775,7.37,0.0,11.851,112.97434,-68.59405,8.730869,5.477033,high_z_dropout_candidate
43330,dropout,35.0,29.049,25.968,26.018,26.309,25.808,69.9513,3.0811,-0.0502,-0.2918,0.5012,32.55,-1.984,0.705,54.16,0.0,10.758,154.83449,-31.69784,8.718243,5.4685097,high_z_dropout_candidate
9738,dropout,35.0,27.666,27.508,27.771,27.236,27.687,71.3344,0.1578,-0.2628,0.535,-0.4515,9.72,-1.641,0.529,216.87,0.0,10.008,187.57739,-43.26169,8.712512,5.464641,high_z_dropout_candidate
15629,anomaly,23.517,26.757,26.585,23.391,25.699,26.329,-3.2405,0.1722,3.1938,-2.3082,-0.6299,38.38,-0.581,2.981,201.37,6.11,4.633,56.38406,-14.14784,8.710346,5.463179,inverted_SED
30518,dropout,35.0,28.205,28.198,28.072,28.144,28.339,70.7947,0.0072,0.1256,-0.072,-0.1941,154.91,-1.786,0.446,132.72,0.0,8.969,257.23664,-5.54304,8.705643,5.4600043,ultra_high_z_candidate
12850,anomaly,25.803,26.604,26.491,23.533,26.385,23.151,-0.8009,0.1125,2.9577,-2.8515,3.2344,177.29,2.113,2.605,424.12,86.57,3.785,269.27253,-60.04135,8.703618,5.458637,extremely_red_object
6643,dropout,35.0,28.235,28.661,28.629,28.648,28.428,70.7647,-0.4257,0.0321,-0.0186,0.2192,125.83,-2.624,0.642,0.89,0.0,9.183,296.07117,61.67198,8.69992,5.456141,ultra_high_z_candidate
35504,anomaly,27.244,27.284,27.201,23.289,27.288,27.197,-0.0408,0.0835,3.9118,-3.999,0.0913,163.68,-1.268,0.943,448.48,148.65,14.537,101.55594,25.08725,8.699857,5.4560986,ultra_high_z_candidate
23864,anomaly,26.581,27.667,27.311,29.667,26.406,30.104,-1.0864,0.3559,-2.3554,3.2609,-3.6981,9.27,2.241,0.598,3.29,238.61,1.83,30.62953,17.7279,8.693402,5.451741,extremely_red_object
15409,anomaly,24.101,23.762,24.967,21.299,21.546,24.819,0.3395,-1.2057,3.6678,-0.2465,-3.2728,113.39,-0.032,1.327,229.11,83.44,12.687,184.15841,39.4878,8.693389,5.451732,ultra_high_z_candidate
37209,dropout,35.0,27.862,27.724,27.95,27.811,27.823,71.1376,0.138,-0.2255,0.1388,-0.0122,43.32,-1.792,0.552,623.36,0.0,9.17,28.47869,-85.31321,8.69193,5.4507475,high_z_dropout_candidate
680,dropout,35.0,28.12,28.219,27.625,28.289,28.1,70.8804,-0.0994,0.5937,-0.6635,0.1892,64.35,-2.382,0.313,10.41,0.0,9.88,246.52933,60.79298,8.676209,5.4401355,ultra_high_z_candidate
23902,dropout,35.0,27.942,26.82,27.07,26.509,26.795,71.0578,1.1221,-0.2495,0.5608,-0.2864,19.02,-2.008,0.509,50.68,0.0,10.609,272.82534,-14.93636,8.674666,5.439094,high_z_dropout_candidate
35883,anomaly,28.83,29.096,28.791,25.145,29.093,28.911,-0.266,0.3052,3.6459,-3.9483,0.1819,78.32,-1.549,3.63,396.53,14.68,6.722,335.12735,-44.71771,8.672601,5.4376993,unclassified
34479,dropout,35.0,29.598,26.424,26.947,26.448,26.539,69.4021,3.1734,-0.5228,0.4993,-0.091,20.17,-2.967,0.71,856.8,0.0,10.767,97.23162,56.69374,8.672428,5.437583,high_z_dropout_candidate
27343,dropout,35.0,27.908,28.093,27.385,27.914,27.786,71.0919,-0.1849,0.7082,-0.5295,0.1284,7.85,-2.407,0.433,103.77,0.0,10.149,111.3019,-14.65916,8.665092,5.432631,high_z_dropout_candidate
18037,dropout,35.0,28.169,26.946,26.828,26.947,27.278,70.8306,1.2231,0.1188,-0.1193,-0.3311,60.31,-2.973,0.452,9.02,0.0,11.595,114.11646,-20.59634,8.663449,5.431522,high_z_dropout_candidate
41047,dropout,35.0,27.592,27.773,27.649,27.706,27.725,71.4082,-0.1816,0.1248,-0.0571,-0.0195,10.35,-2.546,0.896,262.65,0.0,8.986,298.7383,47.32943,8.659363,5.4287634,high_z_dropout_candidate
227,dropout,35.0,35.0,26.855,26.515,26.728,26.731,0.0,72.1455,0.3398,-0.2129,-0.0037,38.3,-2.877,0.324,1374.33,0.0,13.115,10.80768,-9.98491,8.658873,5.4284325,high_z_dropout_candidate
5088,dropout,35.0,28.073,26.405,26.193,26.16,26.204,70.9269,1.6678,0.2125,0.0331,-0.044,21.91,-2.934,0.883,267.63,0.0,10.882,168.97543,-25.22789,8.652139,5.423887,high_z_dropout_candidate
33525,dropout,35.0,27.785,27.407,27.639,28.038,27.618,71.215,0.3779,-0.2319,-0.3986,0.4199,8.14,-1.522,0.995,229.71,0.0,10.187,239.30195,-53.00718,8.64878,5.4216194,high_z_dropout_candidate
4460,dropout,35.0,28.064,26.936,27.092,26.784,26.777,70.9362,1.1281,-0.1563,0.3079,0.0073,65.27,-2.787,0.586,37.15,0.0,11.902,0.89295,20.3692,8.640145,5.4157906,high_z_dropout_candidate
8787,dropout,35.0,28.283,26.807,26.276,26.55,26.412,70.7169,1.4765,0.5307,-0.2741,0.1383,67.29,-2.016,0.346,19.5,0.0,10.814,109.58404,84.65648,8.63479,5.412176,high_z_dropout_candidate
36431,dropout,35.0,27.937,27.909,27.377,28.078,27.642,71.0632,0.0278,0.532,-0.701,0.4363,16.87,-2.763,0.485,82.35,0.0,9.081,76.45921,71.44977,8.6327915,5.4108267,high_z_dropout_candidate
46756,anomaly,26.366,25.566,28.699,25.933,27.996,25.642,0.8006,-3.1328,2.7657,-2.0632,2.3541,0.82,-1.032,0.656,9.34,528.21,13.653,166.91677,-87.18425,8.612456,5.3970995,ultra_high_z_candidate
48419,dropout,35.0,28.712,26.596,26.242,25.973,26.094,70.2882,2.1161,0.3538,0.2693,-0.1213,45.12,-2.341,0.365,721.74,0.0,11.947,172.36721,50.74678,8.609989,5.395434,high_z_dropout_candidate
34694,dropout,35.0,27.763,27.179,27.695,27.464,27.612,71.2366,0.5843,-0.5156,0.2309,-0.1483,31.78,-2.22,0.607,187.12,0.0,9.159,250.96722,2.0589,8.609786,5.395297,high_z_dropout_candidate
31419,dropout,35.0,27.879,28.119,28.639,28.441,28.312,71.1211,-0.2406,-0.5193,0.1975,0.1296,26.91,-2.536,0.816,14.4,0.0,9.611,37.25232,-26.27158,8.599585,5.3884106,ultra_high_z_candidate
2178,dropout,35.0,27.813,27.72,27.562,27.671,28.093,71.1866,0.0937,0.1578,-0.1089,-0.4218,27.63,-1.963,0.823,458.44,0.0,9.697,180.82732,52.49534,8.591596,5.3830175,ultra_high_z_candidate
40496,anomaly,25.435,25.356,25.518,21.462,25.399,25.278,0.0793,-0.1623,4.0562,-3.9369,0.1209,190.87,-0.295,0.252,176.93,98.41,14.453,298.7684,-88.19097,8.58139,5.3761287,ultra_high_z_candidate
220,dropout,35.0,27.858,27.957,27.884,28.139,27.505,71.142,-0.0992,0.0733,-0.2551,0.634,42.55,-2.512,0.327,95.24,0.0,9.882,2.29646,86.10386,8.576478,5.3728127,high_z_dropout_candidate
43200,dropout,35.0,28.707,26.072,26.411,26.279,26.271,70.2934,2.6347,-0.3386,0.132,0.0077,51.49,-1.887,0.607,365.35,0.0,11.194,5.82774,55.48104,8.568185,5.367214,high_z_dropout_candidate
13243,dropout,35.0,28.822,26.116,26.074,26.571,26.376,70.178,2.7063,0.0416,-0.4972,0.1949,0.3,-1.679,0.789,341.93,0.0,11.885,139.39213,-53.15697,8.566576,5.3661284,high_z_dropout_candidate
20611,dropout,35.0,29.065,26.281,26.395,26.354,26.43,69.9347,2.7844,-0.1142,0.0409,-0.0756,110.41,-1.964,0.939,54.09,0.0,10.505,239.68847,83.60525,8.559084,5.3610706,high_z_dropout_candidate
49541,anomaly,23.115,23.346,23.267,23.208,20.825,23.243,-0.2315,0.0786,0.0595,2.3834,-2.4183,543.63,-1.271,2.991,44.56,30.97,7.54,16.70405,-10.89447,8.556934,5.3596196,extreme_emission_line
8065,dropout,35.0,27.714,27.508,27.672,27.798,27.632,71.2856,0.2065,-0.164,-0.1263,0.1658,16.27,-2.409,0.548,341.89,0.0,9.832,42.90796,24.90448,8.552732,5.3567834,high_z_dropout_candidate
23676,anomaly,24.113,23.875,24.084,24.099,20.29,24.056,0.2377,-0.2096,-0.015,3.8099,-3.7664,100.34,-0.228,3.441,450.2,174.07,6.603,29.34311,-65.84836,8.549876,5.354855,extreme_emission_line
39220,dropout,35.0,27.923,27.743,27.978,28.236,27.942,71.0771,0.1795,-0.2347,-0.2583,0.2942,30.77,-1.59,0.394,4.32,0.0,9.162,288.75913,80.25725,8.539298,5.3477144,high_z_dropout_candidate
19501,dropout,35.0,27.856,27.758,28.104,27.719,27.847,71.1444,0.0977,-0.3465,0.3854,-0.1279,8.32,-2.712,0.475,2.74,0.0,9.735,324.90528,79.09826,8.539269,5.3476954,high_z_dropout_candidate
33404,dropout,35.0,28.5,27.151,26.857,27.388,26.773,70.4998,1.3489,0.2947,-0.5317,0.6149,129.65,-2.062,0.594,123.39,0.0,11.97,72.11687,-0.5144,8.535316,5.345027,high_z_dropout_candidate
37043,anomaly,29.433,28.925,30.097,26.232,29.113,29.584,0.5082,-1.1716,3.8643,-2.8811,-0.4707,3.69,-1.704,2.818,33.26,75.48,13.156,344.68148,-55.37143,8.533404,5.343736,ultra_high_z_candidate
10288,dropout,35.0,28.452,26.255,26.024,26.361,26.333,70.5484,2.1962,0.2314,-0.3369,0.0284,27.24,-2.529,0.387,321.2,0.0,10.307,161.42226,-67.30431,8.528587,5.340484,high_z_dropout_candidate
20108,anomaly,29.019,30.015,26.662,29.568,27.271,26.8,-0.9961,3.3533,-2.9069,2.297,0.4712,107.54,2.376,1.795,158.36,877.41,1.59,323.54553,69.28986,8.522222,5.3361874,extremely_red_object
18000,dropout,35.0,27.744,27.798,28.071,27.685,27.62,71.2565,-0.0542,-0.2732,0.3861,0.0651,30.42,-2.765,0.901,455.88,0.0,9.203,317.34547,52.24298,8.5083,5.3267894,high_z_dropout_candidate
42818,dropout,35.0,27.938,27.502,27.828,27.97,28.064,71.0616,0.4361,-0.326,-0.1415,-0.0938,41.95,-2.161,0.773,39.0,0.0,9.427,336.92611,-19.97973,8.503338,5.32344,ultra_high_z_candidate
22423,dropout,35.0,27.81,27.604,27.928,28.084,27.467,71.1898,0.2066,-0.3248,-0.1558,0.6177,28.72,-2.42,0.927,410.74,0.0,9.007,286.06787,41.73924,8.503333,5.3234367,high_z_dropout_candidate
21324,dropout,35.0,29.423,29.268,29.612,29.853,29.972,69.5772,0.1545,-0.3441,-0.2406,-0.1191,264.7,-1.841,0.773,91.61,0.0,9.335,189.0143,20.89471,8.498167,5.319949,ultra_high_z_candidate
15426,dropout,35.0,27.75,27.946,27.692,27.872,27.593,71.2498,-0.1957,0.2539,-0.18,0.279,9.51,-2.848,0.811,148.24,0.0,9.02,81.5266,39.62071,8.488415,5.313366,high_z_dropout_candidate
16466,anomaly,28.235,28.539,28.444,28.446,24.386,28.369,-0.3049,0.0958,-0.0028,4.0604,-3.9826,24.87,-1.924,0.982,493.72,335.17,6.805,109.509,-85.21772,8.487402,5.3126826,extreme_emission_line
26600,anomaly,27.911,29.808,30.367,26.936,29.35,29.449,-1.8975,-0.5593,3.4311,-2.414,-0.0991,3.16,1.599,1.874,582.9,205.44,12.961,127.6551,12.37112,8.478851,5.3069105,ultra_high_z_candidate
27996,dropout,35.0,28.141,27.058,27.143,27.177,27.093,70.8589,1.0835,-0.0858,-0.0336,0.0844,53.4,-2.66,0.807,18.39,0.0,11.697,356.79417,-89.91865,8.46788,5.2995043,high_z_dropout_candidate
25903,anomaly,29.046,29.874,30.226,27.27,27.152,29.85,-0.8272,-0.3522,2.9553,0.1187,-2.6986,162.32,-1.267,1.316,79.52,869.78,11.326,5.32964,3.75727,8.455723,5.291298,ultra_high_z_candidate
36065,dropout,35.0,35.0,26.469,26.148,26.296,26.72,0.0,72.5315,0.3204,-0.148,-0.4234,7.29,-2.24,0.413,1261.27,0.0,13.797,219.69017,-81.73988,8.451341,5.2883396,high_z_dropout_candidate
3794,anomaly,25.98,25.82,25.929,25.744,21.887,25.968,0.1597,-0.1095,0.1857,3.8564,-4.0801,117.34,-1.817,2.193,431.16,80.19,10.514,183.07554,9.52626,8.447551,5.2857814,ultra_high_z_candidate
8714,dropout,35.0,28.165,26.585,26.737,26.816,26.571,70.8349,1.5804,-0.1518,-0.0791,0.2446,22.24,-2.28,0.848,261.9,0.0,11.836,99.36272,81.11022,8.447412,5.2856874,high_z_dropout_candidate
13052,anomaly,30.452,27.513,27.432,30.165,27.646,30.544,2.9385,0.0813,-2.7331,2.5192,-2.8981,41.14,-2.28,3.559,370.95,38.3,1.476,211.47177,75.2967,8.441577,5.281749,unclassified
17740,dropout,35.0,28.689,26.191,26.237,25.888,26.218,70.3106,2.4986,-0.0466,0.3493,-0.3304,36.4,-2.392,0.965,160.35,0.0,11.45,153.62275,-38.64551,8.441512,5.281705,high_z_dropout_candidate
18147,anomaly,27.442,27.519,27.763,27.617,23.863,27.622,-0.0769,-0.2439,0.1457,3.7542,-3.759,79.42,-1.096,2.831,99.85,38.61,14.823,302.76714,21.76467,8.44002,5.2806973,ultra_high_z_candidate
36948,anomaly,25.579,26.216,28.662,24.823,26.259,28.024,-0.6362,-2.4469,3.8397,-1.4362,-1.7653,51.15,1.731,2.372,191.7,74.44,5.556,40.11652,-6.40775,8.434611,5.2770467,extremely_red_object
9136,anomaly,27.025,30.083,30.451,27.958,29.945,27.082,-3.0579,-0.3685,2.4927,-1.9865,2.8633,31.78,2.564,2.889,39.0,10.26,10.308,152.83804,81.01231,8.426271,5.2714167,ultra_high_z_candidate
11181,dropout,35.0,27.82,27.596,27.872,27.697,27.629,71.1803,0.2238,-0.2756,0.1749,0.0674,6.19,-2.353,0.649,101.64,0.0,10.174,66.89904,79.76933,8.424396,5.2701507,high_z_dropout_candidate
28226,anomaly,28.702,29.122,26.594,29.367,25.763,26.043,-0.4202,2.5282,-2.7732,3.6041,-0.28,169.45,-2.208,2.524,9.76,312.65,3.674,132.00522,13.69972,8.412723,5.262271,extreme_emission_line
26127,dropout,35.0,28.921,26.021,26.447,25.971,25.906,70.0787,2.8998,-0.4251,0.4757,0.0647,1.03,-1.526,0.875,192.15,0.0,10.222,106.62254,-13.38189,8.41153,5.2614655,high_z_dropout_candidate
2269,dropout,35.0,27.952,27.859,27.767,27.676,28.081,71.0483,0.0931,0.0916,0.0905,-0.4042,31.06,-2.671,0.841,18.73,0.0,9.605,253.9379,-21.7908,8.411311,5.2613177,ultra_high_z_candidate
45519,anomaly,25.525,24.972,28.316,25.134,25.223,28.727,0.5532,-3.3444,3.182,-0.0885,-3.5042,133.21,2.905,3.529,1.26,101.62,6.79,167.7433,56.7693,8.409027,5.259776,extremely_red_object
48461,dropout,35.0,27.919,28.468,27.922,27.974,27.94,71.0812,-0.5492,0.5458,-0.0519,0.0337,35.66,-1.618,0.854,282.83,0.0,10.007,252.62317,-69.34367,8.40722,5.2585564,high_z_dropout_candidate
7204,dropout,35.0,28.752,28.639,29.104,28.795,28.8,70.2482,0.113,-0.4651,0.3087,-0.0051,10.79,-2.486,0.875,926.51,0.0,9.421,158.27494,44.79699,8.400873,5.254272,ultra_high_z_candidate
4381,anomaly,24.214,24.194,24.118,24.183,20.677,24.357,0.0206,0.0755,-0.0655,3.5066,-3.6797,97.47,-1.359,2.89,79.03,193.39,7.476,226.67714,-36.6777,8.38783,5.245467,unclassified
40023,dropout,35.0,29.232,26.101,26.78,26.171,26.337,69.7675,3.1319,-0.6793,0.6086,-0.1661,5.1,-2.968,0.742,458.97,0.0,10.832,209.75631,5.57144,8.385836,5.244121,high_z_dropout_candidate
18221,dropout,35.0,28.133,27.17,27.055,26.998,26.853,70.8672,0.9624,0.1156,0.0564,0.1454,68.6,-2.149,0.455,17.66,0.0,10.47,256.08966,9.71387,8.382484,5.2418585,high_z_dropout_candidate
41281,anomaly,23.928,27.463,26.762,23.906,27.231,26.374,-3.535,0.7019,2.8552,-3.3249,0.8575,49.39,1.315,0.885,159.09,185.99,1.588,271.40661,-43.1441,8.381435,5.2411504,extremely_red_object
46537,dropout,35.0,28.266,26.757,26.54,26.706,26.428,70.7336,1.5099,0.2161,-0.166,0.2787,47.84,-2.73,0.571,124.92,0.0,11.902,132.62859,-42.21323,8.3804,5.2404513,high_z_dropout_candidate
905,dropout,35.0,27.823,27.794,27.757,27.824,27.62,71.1768,0.0291,0.0368,-0.0668,0.2039,14.53,-1.684,0.605,95.98,0.0,8.964,212.16182,-64.42075,8.364953,5.2300243,high_z_dropout_candidate
8295,dropout,35.0,28.01,28.505,27.892,27.742,28.003,70.9899,-0.4944,0.6122,0.1505,-0.2609,45.3,-2.25,0.311,107.34,0.0,9.205,199.17929,58.06683,8.358979,5.2259917,ultra_high_z_candidate
2775,dropout,35.0,28.261,26.687,26.884,26.919,26.326,70.7394,1.5734,-0.1972,-0.0345,0.593,15.78,-2.274,0.576,113.91,0.0,11.093,298.60492,0.72337,8.335752,5.210312,high_z_dropout_candidate
6391,dropout,35.0,28.115,27.32,27.077,26.552,27.029,70.8853,0.7951,0.2425,0.5251,-0.4775,11.02,-2.138,0.728,539.57,0.0,11.798,266.14249,2.77247,8.330941,5.2070646,high_z_dropout_candidate
40152,dropout,35.0,28.257,26.981,26.556,27.058,26.79,70.7425,1.2766,0.425,-0.5022,0.2677,2.2,-1.725,0.948,479.08,0.0,10.566,333.31175,23.37775,8.327677,5.204861,high_z_dropout_candidate
14130,dropout,35.0,35.0,26.704,26.697,26.849,26.598,0.0,72.2962,0.0071,-0.1527,0.2514,27.83,-1.884,0.767,1315.37,0.0,13.059,225.03956,-62.83886,8.327367,5.204652,high_z_dropout_candidate
26214,dropout,35.0,28.056,28.073,28.281,28.62,28.311,70.9438,-0.0166,-0.2077,-0.3393,0.3086,24.09,-1.804,0.827,15.04,0.0,9.348,27.28681,-26.18193,8.3247,5.202852,ultra_high_z_candidate
29877,anomaly,26.04,28.478,27.833,25.489,27.699,24.837,-2.4382,0.6453,2.3434,-2.2101,2.8623,73.98,-0.078,0.465,78.77,275.62,9.935,149.12316,-50.47946,8.31026,5.193104,ultra_high_z_candidate
15890,dropout,35.0,28.406,26.815,26.599,26.863,27.184,70.5944,1.5908,0.2154,-0.2638,-0.3208,47.32,-2.515,0.809,504.96,0.0,10.735,313.21052,37.43951,8.300723,5.1866665,high_z_dropout_candidate
15111,dropout,35.0,28.592,26.685,27.1,26.949,26.991,70.4077,1.9072,-0.4151,0.1509,-0.0419,39.92,-2.058,0.48,613.61,0.0,11.07,24.32997,81.49554,8.290725,5.179917,high_z_dropout_candidate
11580,dropout,35.0,28.568,26.445,26.46,26.212,26.651,70.4321,2.1224,-0.015,0.2481,-0.4383,13.5,-2.462,0.905,90.33,0.0,11.115,180.76438,2.14204,8.289783,5.1792808,high_z_dropout_candidate
28695,dropout,35.0,28.848,26.351,26.912,26.44,26.366,70.1517,2.4977,-0.5611,0.4722,0.0731,7.21,-2.851,0.406,21.93,0.0,10.8,359.69302,72.69614,8.289507,5.179095,high_z_dropout_candidate
36247,anomaly,24.481,21.475,21.422,24.058,21.252,23.984,3.0053,0.0538,-2.6367,2.8064,-2.7317,149.53,-2.771,3.365,399.12,141.98,11.772,337.8822,-48.8019,8.288568,5.1784606,ultra_high_z_candidate
13437,dropout,35.0,28.106,27.938,27.469,27.904,27.909,70.8936,0.1682,0.4694,-0.4353,-0.0045,46.18,-2.199,0.876,70.35,0.0,9.909,165.48084,-50.91651,8.283328,5.174924,high_z_dropout_candidate
11294,dropout,35.0,28.415,26.735,26.434,26.389,26.667,70.585,1.6805,0.3007,0.0447,-0.2778,36.87,-2.579,0.317,71.47,0.0,11.984,139.12988,-22.36393,8.281924,5.1739764,high_z_dropout_candidate
24049,dropout,35.0,27.955,28.022,28.121,27.659,28.027,71.0453,-0.0676,-0.0991,0.462,-0.367,26.96,-1.841,0.402,94.39,0.0,9.905,101.4222,-7.96378,8.280518,5.1730266,ultra_high_z_candidate
8049,dropout,35.0,35.0,28.206,28.901,28.094,28.357,0.0,70.7936,-0.695,0.8072,-0.2631,25.81,-1.699,0.553,1476.99,0.0,11.991,122.33437,45.1183,8.272511,5.1676216,ultra_high_z_candidate
22903,dropout,35.0,28.764,26.413,25.977,26.333,26.063,70.236,2.3512,0.4362,-0.3561,0.27,0.25,-2.392,0.424,104.21,0.0,11.178,341.37749,-46.51554,8.26956,5.16563,high_z_dropout_candidate
46439,dropout,35.0,27.967,28.156,28.237,28.266,27.952,71.0329,-0.1886,-0.0815,-0.0288,0.3141,53.89,-2.658,0.908,160.96,0.0,10.013,336.98301,26.92181,8.267265,5.164081,high_z_dropout_candidate
6400,anomaly,28.192,25.39,25.136,27.677,24.666,28.084,2.8022,0.2538,-2.5406,3.0104,-3.4175,133.74,-1.71,1.084,373.04,106.21,12.497,133.95614,47.66565,8.257898,5.1577578,ultra_high_z_candidate
38638,anomaly,26.992,30.332,30.586,27.141,27.551,30.764,-3.3397,-0.2547,3.4455,-0.4101,-3.2134,147.24,1.855,2.854,241.17,191.04,4.322,288.43299,-65.50494,8.254456,5.1554337,extremely_red_object
34250,dropout,35.0,27.956,27.972,27.969,27.504,28.044,71.0442,-0.0163,0.0032,0.465,-0.54,49.52,-2.89,0.589,313.29,0.0,9.36,225.31071,-45.11185,8.247522,5.1507535,ultra_high_z_candidate
11532,dropout,35.0,28.01,28.019,28.202,28.366,28.536,70.9898,-0.009,-0.1832,-0.1633,-0.1707,21.13,-2.947,0.316,84.62,0.0,9.115,57.58432,34.38042,8.241498,5.146687,ultra_high_z_candidate
17363,dropout,35.0,28.116,27.879,28.325,28.079,28.448,70.8837,0.2377,-0.4461,0.2458,-0.3692,34.85,-1.631,0.667,34.58,0.0,10.054,98.92343,-22.62128,8.235218,5.1424475,ultra_high_z_candidate
21585,anomaly,27.52,23.849,24.928,27.469,24.116,26.898,3.6703,-1.0781,-2.5412,3.3531,-2.7828,82.63,1.876,1.578,405.02,104.39,7.853,248.94276,51.59397,8.229406,5.1385245,extremely_red_object
6668,anomaly,23.56,23.715,23.551,23.69,20.018,23.446,-0.1554,0.1642,-0.1394,3.6722,-3.4277,7.23,-1.567,2.51,215.32,130.19,11.527,248.80816,-79.62655,8.220757,5.1326857,ultra_high_z_candidate
44749,anomaly,27.325,27.144,24.602,27.875,28.234,24.492,0.1809,2.5424,-3.2728,-0.3594,3.7421,9.39,-2.155,1.085,169.24,111.51,7.819,132.89991,-32.59227,8.212477,5.127096,unclassified
10751,dropout,35.0,28.877,26.259,26.398,26.073,26.526,70.1229,2.618,-0.1386,0.3253,-0.4531,7.56,-1.635,0.978,260.41,0.0,11.904,107.37766,7.1349,8.201488,5.119678,high_z_dropout_candidate
24199,anomaly,25.356,22.027,22.291,25.124,23.229,23.091,3.3292,-0.2636,-2.8335,1.8952,0.1379,317.76,2.384,2.735,3.47,355.44,6.561,185.12896,60.56354,8.197945,5.1172867,extremely_red_object
3646,dropout,35.0,29.094,29.067,28.769,28.966,28.974,69.9061,0.0272,0.2975,-0.1966,-0.0084,51.06,-2.543,0.746,962.02,0.0,9.51,233.41873,82.15074,8.197932,5.117278,ultra_high_z_candidate
11321,dropout,35.0,29.056,26.301,26.795,26.449,26.263,69.9441,2.755,-0.494,0.3456,0.1867,32.83,-1.989,0.402,6.54,0.0,10.678,157.58557,-70.36104,8.197339,5.1168776,high_z_dropout_candidate
41317,anomaly,27.434,28.145,25.538,28.621,26.188,28.722,-0.7115,2.6071,-3.0827,2.433,-2.5342,18.9,0.571,0.965,263.84,55.15,7.516,55.04607,33.85796,8.186596,5.109626,extremely_red_object
14605,dropout,35.0,28.06,27.518,27.951,28.008,27.747,70.9401,0.5421,-0.4335,-0.0571,0.2616,4.15,-2.533,0.499,63.99,0.0,9.615,299.106,-49.83392,8.184921,5.108495,high_z_dropout_candidate
39285,anomaly,27.289,27.265,27.364,23.63,27.532,27.523,0.0241,-0.0995,3.7345,-3.9019,0.0088,107.7,-1.184,3.66,209.06,472.22,9.06,250.54221,82.69323,8.181343,5.1060796,ultra_high_z_candidate
3407,dropout,35.0,28.113,28.072,28.303,28.138,28.332,70.8866,0.0413,-0.2313,0.1651,-0.1935,73.08,-1.746,0.528,81.25,0.0,9.024,305.47309,-21.37125,8.178332,5.1040473,ultra_high_z_candidate
23781,anomaly,25.612,28.782,25.144,28.513,28.669,25.125,-3.17,3.6382,-3.3694,-0.1554,3.5436,13.37,1.658,2.943,204.44,104.79,6.843,83.43843,81.40012,8.17793,5.1037755,extremely_red_object
38105,dropout,35.0,29.67,26.239,26.771,26.627,26.732,69.3299,3.4306,-0.5314,0.1443,-0.1054,111.39,-1.608,0.645,270.65,0.0,10.665,15.61255,-53.70143,8.176917,5.103092,high_z_dropout_candidate
2695,anomaly,24.296,24.369,24.393,20.824,24.252,24.419,-0.073,-0.0241,3.5688,-3.4279,-0.1669,59.01,-1.617,2.03,559.79,54.26,3.639,7.07277,34.87162,8.174324,5.1013417,extreme_emission_line
15527,dropout,35.0,28.04,27.99,27.965,27.95,28.247,70.9603,0.0497,0.0254,0.0144,-0.2966,58.0,-2.981,0.894,269.86,0.0,10.199,207.51954,-13.26957,8.164726,5.094863,ultra_high_z_candidate
5628,dropout,35.0,28.332,28.963,28.958,28.431,28.555,70.6676,-0.6304,0.0048,0.5265,-0.1238,99.29,-2.12,0.88,194.59,0.0,10.136,231.6492,75.5075,8.156106,5.0890436,ultra_high_z_candidate
18341,anomaly,29.315,27.308,26.919,30.614,27.476,28.006,2.0065,0.3897,-3.6953,3.1379,-0.5302,46.5,-1.304,2.779,377.17,84.47,13.898,160.84011,33.22724,8.151644,5.0860314,ultra_high_z_candidate
4,dropout,35.0,29.024,26.359,26.67,26.906,26.591,69.9755,2.6657,-0.3115,-0.2353,0.3148,36.98,-2.359,0.318,34.25,0.0,10.25,11.31451,24.55387,8.1406145,5.078586,high_z_dropout_candidate
47153,dropout,35.0,28.183,28.141,28.268,28.151,27.963,70.8171,0.0418,-0.1267,0.1167,0.1884,75.93,-2.016,0.765,26.84,0.0,9.897,194.82597,70.05477,8.138482,5.077147,high_z_dropout_candidate
891,anomaly,25.24,23.235,26.394,23.292,25.859,23.069,2.0049,-3.1587,3.1015,-2.567,2.7903,279.22,-2.563,1.943,557.47,17.04,2.659,341.96493,-70.34452,8.120757,5.0651817,blue_excess_source
48871,dropout,35.0,28.066,28.483,28.475,28.464,28.53,70.9336,-0.4165,0.0084,0.0108,-0.0663,27.96,-2.096,0.684,112.08,0.0,9.55,248.69174,77.73387,8.115213,5.0614395,ultra_high_z_candidate
33463,anomaly,26.067,26.607,27.42,23.905,26.518,26.304,-0.5396,-0.8129,3.5152,-2.6132,0.2144,6.55,2.146,0.456,216.66,128.85,2.414,183.3978,-10.43283,8.107014,5.0559044,extremely_red_object
32768,dropout,35.0,28.391,28.535,28.599,28.773,28.534,70.6088,-0.1435,-0.0642,-0.1744,0.2393,98.86,-2.803,0.702,32.38,0.0,9.639,281.37676,58.81765,8.102179,5.0526404,ultra_high_z_candidate
45824,dropout,35.0,28.063,27.209,26.816,26.924,26.878,70.9373,0.8538,0.393,-0.1083,0.0461,0.4,-1.673,0.699,290.53,0.0,10.349,152.25934,-2.68256,8.101634,5.052273,high_z_dropout_candidate
17638,dropout,35.0,28.09,27.911,27.797,28.012,28.286,70.9104,0.1788,0.1134,-0.2148,-0.2737,44.94,-2.73,0.543,218.18,0.0,9.902,356.01883,77.11332,8.06992,5.0308642,ultra_high_z_candidate
35384,dropout,35.0,28.434,28.102,28.652,28.746,28.125,70.5661,0.3314,-0.5494,-0.094,0.6206,89.68,-1.786,0.933,22.08,0.0,9.428,144.3659,66.00397,8.066406,5.0284925,ultra_high_z_candidate
9363,dropout,35.0,28.312,28.093,28.033,27.886,28.087,70.688,0.219,0.0599,0.1473,-0.2015,117.57,-1.777,0.309,248.1,0.0,9.046,301.96461,-38.43777,8.0552,5.0209274,ultra_high_z_candidate
10640,dropout,35.0,28.69,26.895,26.245,26.642,26.409,70.31,1.7953,0.6501,-0.3974,0.2329,64.91,-2.308,0.854,114.53,0.0,11.111,29.44582,7.49921,8.055177,5.020912,high_z_dropout_candidate
752,dropout,35.0,28.106,28.319,28.039,27.846,28.017,70.894,-0.2132,0.2805,0.1932,-0.1711,15.77,-2.93,0.603,527.11,0.0,9.243,8.87893,31.55823,8.045012,5.014051,ultra_high_z_candidate
46165,dropout,35.0,28.208,28.351,27.934,28.361,28.225,70.7922,-0.1432,0.417,-0.4271,0.136,25.16,-2.827,0.753,94.47,0.0,10.068,234.33851,7.38342,8.0432415,5.0128555,ultra_high_z_candidate
3300,dropout,35.0,28.378,28.785,28.498,28.317,28.897,70.6225,-0.4074,0.2868,0.1808,-0.5798,72.17,-2.894,0.534,93.82,0.0,9.981,267.75302,-23.50332,8.039502,5.010331,ultra_high_z_candidate
33816,dropout,35.0,30.444,28.42,27.797,28.077,27.819,68.5559,2.0244,0.6225,-0.2801,0.2578,44.28,-1.775,0.361,1196.53,0.0,10.755,271.20581,19.31208,8.034831,5.007178,high_z_dropout_candidate
42239,dropout,35.0,28.13,28.268,28.391,28.251,28.174,70.87,-0.138,-0.1228,0.1393,0.0773,1.88,-2.795,0.909,545.72,0.0,9.478,165.86416,-62.62307,8.023452,4.9994965,ultra_high_z_candidate
11069,dropout,35.0,29.018,26.328,26.158,26.352,26.153,69.9824,2.6891,0.1705,-0.1941,0.1991,18.43,-1.755,0.85,93.3,0.0,10.236,246.57778,-14.81819,8.021908,4.998454,high_z_dropout_candidate
19454,anomaly,24.379,24.099,23.679,26.794,23.502,24.341,0.2804,0.4199,-3.1154,3.2917,-0.8386,10.78,0.552,0.272,74.1,76.02,10.49,107.98791,27.72077,8.01916,4.9965997,ultra_high_z_candidate
6721,dropout,35.0,28.861,26.59,26.492,26.581,26.823,70.1395,2.271,0.0974,-0.0887,-0.2421,53.2,-2.831,0.733,35.19,0.0,10.54,308.11158,77.09522,8.014811,4.9936633,high_z_dropout_candidate
45405,dropout,35.0,28.576,26.698,26.502,26.738,26.762,70.4243,1.8776,0.196,-0.2364,-0.0235,21.53,-2.494,0.499,109.79,0.0,11.058,39.66438,46.75522,8.011143,4.9911876,high_z_dropout_candidate
8336,anomaly,23.264,23.434,23.378,23.268,20.533,23.417,-0.1699,0.0568,0.1095,2.7348,-2.8838,343.21,-1.263,1.441,21.85,23.44,3.703,248.65913,-15.76586,8.010481,4.990741,extreme_emission_line
40940,dropout,35.0,28.473,27.025,27.17,27.069,27.265,70.527,1.4483,-0.1454,0.1007,-0.1955,82.98,-1.63,0.587,122.16,0.0,10.383,176.68307,42.25426,8.00972,4.9902267,high_z_dropout_candidate
25478,dropout,35.0,28.588,27.425,26.841,27.428,27.012,70.4118,1.1629,0.5842,-0.5872,0.4166,60.2,-2.555,0.342,501.85,0.0,11.959,216.66318,38.23487,8.008086,4.9891243,high_z_dropout_candidate
20900,dropout,35.0,31.85,29.897,29.709,29.983,29.898,67.1495,1.9537,0.1879,-0.2743,0.085,19.78,-2.775,0.837,1426.74,0.0,10.76,147.96702,-52.93932,8.0019455,4.9849787,ultra_high_z_candidate
20259,dropout,35.0,28.295,28.157,28.568,27.913,28.376,70.7049,0.1383,-0.4108,0.655,-0.4634,61.87,-2.247,0.314,87.93,0.0,10.06,296.2602,-19.64737,7.9981356,4.982407,ultra_high_z_candidate
42153,dropout,35.0,29.192,26.168,26.213,25.983,25.965,69.8077,3.0248,-0.0459,0.23,0.018,7.58,-2.79,0.338,388.28,0.0,10.568,135.84228,-80.58071,7.9894295,4.97653,high_z_dropout_candidate
30317,dropout,35.0,29.404,27.323,27.559,27.534,27.866,69.5964,2.0808,-0.2361,0.0247,-0.332,199.1,-2.175,0.872,75.08,0.0,10.48,103.16487,8.55099,7.9890637,4.976283,high_z_dropout_candidate
24291,anomaly,25.095,25.048,24.986,24.945,21.709,25.08,0.0469,0.0624,0.0408,3.2362,-3.3716,260.98,-1.511,2.646,204.15,58.29,6.264,347.53955,60.24468,7.988513,4.975911,extreme_emission_line
1332,dropout,35.0,28.284,28.391,28.332,27.991,28.535,70.7159,-0.1064,0.0581,0.3419,-0.5449,18.11,-1.803,0.98,550.41,0.0,10.106,327.2905,37.5038,7.9783225,4.9690323,ultra_high_z_candidate
12346,dropout,35.0,28.325,27.168,27.155,27.399,27.233,70.675,1.1568,0.013,-0.2442,0.1661,30.72,-2.08,0.685,81.86,0.0,10.916,96.73543,-42.31043,7.9764495,4.9677677,high_z_dropout_candidate
40748,dropout,35.0,28.06,28.155,28.139,27.98,27.894,70.9404,-0.0958,0.0161,0.1598,0.086,28.83,-1.773,0.908,131.02,0.0,9.86,349.66705,-58.7609,7.969321,4.962956,high_z_dropout_candidate
