priority_rank,priority_score,targetid,ra,dec,z,spectype,anomaly_score,obs_wavelength,rest_wavelength,rest_region,extended_match,ext_lab_wavelength,ext_offset,matched,physical_interpretation,worst_band
1,13.02,39633010877796273,220.96112060546875,36.38758850097656,5.2670793533325195,QSO,7.232244491577148,9331.2001953125,1488.92,uv_emission_region,CIV,1549,60.08,False,"UV desert: no standard emission line, possible unusual FeII or BAL feature",Z
2,12.4,39633191367084936,162.18775939941406,46.62178039550781,6.195603370666504,QSO,5.300685405731201,5804.896484375,806.73,sub_lyman_limit,Ly-limit (912A),912,105.27,False,Near Lyman limit: possible LyC leaker or DLA Gunn-Peterson trough,Z
3,10.87,39637210621808589,19.819772720336914,27.101287841796875,-4.604002242558636e-05,STAR,7.246203899383545,8819.2001953125,8819.61,nir_region,CaII 8662,8662,157.61,False,NIR region: possible molecular band or telluric residual,Z
4,9.23,39628080880291871,130.62265014648438,12.314024925231934,5.990307807922363,QSO,3.9442031383514404,3632.163818359375,519.6,sub_lyman_limit,Ly-limit (912A),912,392.4,False,EXTREME sub-LL: possible ionizing continuum anomaly or misclassified z,Z
5,8.81,39628203496572448,124.61415100097656,17.381088256835938,5.95452880859375,QSO,3.7651784420013428,3645.029296875,524.12,sub_lyman_limit,Ly-limit (912A),912,387.88,False,EXTREME sub-LL: possible ionizing continuum anomaly or misclassified z,Z
6,8.54,39627789988529182,313.527099609375,-0.08734394609928131,6.009199142456055,QSO,3.6492934226989746,4378.36279296875,624.66,sub_lyman_limit,Ly-limit (912A),912,287.34,False,Deep sub-LL: Lyman continuum leaker candidate or z error,Z
7,8.46,39633152393611253,107.70769500732422,44.15154266357422,6.229721546173096,QSO,3.615532159805298,5780.70166015625,799.57,sub_lyman_limit,Ly-limit (912A),912,112.43,False,Deep sub-LL: Lyman continuum leaker candidate or z error,Z
8,7.95,39633127475250050,226.92343139648438,42.704734802246094,1.6364126205444336,GALAXY,5.299241542816162,5792.06884765625,2196.95,uv_iron_region,FeII UV1 (2344),2344,147.05,False,UV iron pseudo-continuum region: possible unusual FeII/MgII feature,R
9,7.81,39633169590258797,105.24641418457031,45.18284225463867,1.636776089668274,GALAXY,5.209512710571289,5792.06884765625,2196.65,uv_iron_region,FeII UV1 (2344),2344,147.35,False,UV iron pseudo-continuum region: possible unusual FeII/MgII feature,R
10,7.74,39627663148586278,307.7635498046875,-5.195883750915527,5.7764410972595215,QSO,3.3061163425445557,4339.76611328125,640.42,sub_lyman_limit,Ly-limit (912A),912,271.58,False,Deep sub-LL: Lyman continuum leaker candidate or z error,Z
11,7.47,39627689144878319,60.882930755615234,-3.9189870357513428,6.031698226928711,QSO,4.148690700531006,7628.7998046875,1084.92,lyman_forest_region,Ly-beta,1026,58.92,False,Lyman forest region: possible unusual IGM absorption or Ly-beta/Ly-gamma feature,Z
12,7.39,39627908125297081,160.0560760498047,4.9977707862854,5.390198230743408,QSO,6.1546630859375,6715.6552734375,1050.93,lyman_forest_region,Ly-beta,1026,24.93,True,Lyman forest region: possible unusual IGM absorption or Ly-beta/Ly-gamma feature,Z
13,7.39,39628241526326839,347.6620788574219,18.922176361083984,5.908540725708008,QSO,6.154634475708008,7151.79296875,1035.21,lyman_forest_region,Ly-beta,1026,9.21,True,Lyman forest region: possible unusual IGM absorption or Ly-beta/Ly-gamma feature,Z
14,7.34,39628339324913201,114.97669219970703,23.597618103027344,4.129867011215538e-05,STAR,4.890491962432861,7974.39990234375,7974.07,nir_region,CaII 8498,8498,523.93,False,NIR region: possible molecular band or telluric residual,Z
15,6.89,39633441347600823,288.39361572265625,64.7085952758789,1.6279501914978027,GALAXY,4.590432167053223,5587.71923828125,2126.27,uv_iron_region,CIII],1909,217.27,False,UV iron pseudo-continuum region: possible unusual FeII/MgII feature,R
16,6.82,39627696593961086,145.45791625976562,-3.834569215774536,1.6698321104049683,GALAXY,4.5475335121154785,5804.896484375,2174.26,uv_iron_region,FeII UV1 (2344),2344,169.74,False,UV iron pseudo-continuum region: possible unusual FeII/MgII feature,R
17,6.28,39627817775793900,169.84022521972656,1.2190630435943604,5.7820940017700195,QSO,5.236380100250244,6908.06884765625,1018.57,lyman_forest_region,Ly-beta,1026,7.43,True,Lyman forest region: possible unusual IGM absorption or Ly-beta/Ly-gamma feature,Z
18,6.22,39628507709444221,245.88255310058594,31.200124740600586,6.216129302978516,QSO,5.183175563812256,7485.310546875,1037.3,lyman_forest_region,Ly-beta,1026,11.3,True,Lyman forest region: possible unusual IGM absorption or Ly-beta/Ly-gamma feature,Z
19,6.07,39627855348374322,249.4674072265625,2.699554443359375,5.750887393951416,QSO,5.061894416809082,7113.310546875,1053.69,lyman_forest_region,Ly-beta,1026,27.69,True,Lyman forest region: possible unusual IGM absorption or Ly-beta/Ly-gamma feature,Z
20,5.99,39628043311910978,8.608341217041016,10.851778030395508,5.966185092926025,QSO,3.328521728515625,7616.0,1093.28,lyman_forest_region,Ly-beta,1026,67.28,False,Lyman forest region: possible unusual IGM absorption or Ly-beta/Ly-gamma feature,Z
21,5.85,39627929977619335,27.15682601928711,6.005549430847168,5.976419925689697,QSO,4.873538970947266,7074.82763671875,1014.11,lyman_forest_region,Ly-beta,1026,11.89,True,Lyman forest region: possible unusual IGM absorption or Ly-beta/Ly-gamma feature,Z
22,5.47,39628492031133930,238.59571838378906,30.53736114501953,4.844939231872559,QSO,5.473885536193848,7138.96533203125,1221.39,uv_emission_region,Ly-alpha,1216,5.39,True,UV emission match: Ly-alpha (offset 5A),Z
23,5.47,39627884632998116,196.534423828125,3.9406189918518066,5.982271671295166,QSO,3.0369982719421387,7526.39990234375,1077.93,lyman_forest_region,Ly-beta,1026,51.93,False,Lyman forest region: possible unusual IGM absorption or Ly-beta/Ly-gamma feature,Z
24,5.46,39632935845891703,196.59144592285156,32.70851516723633,-8.537208486814052e-05,STAR,3.641618490219116,8819.2001953125,8819.95,nir_region,CaII 8662,8662,157.95,False,NIR region: possible molecular band or telluric residual,Z
25,5.46,39627519720164080,316.0526123046875,-11.360958099365234,-0.00016231180052272975,GALAXY,3.6400771141052246,9536.0,9537.55,nir_region,CaII 8662,8662,875.55,False,NIR region: possible molecular band or telluric residual,B
26,5.38,39627802441421784,335.8721008300781,0.5609939694404602,1.1435269117355347,GALAXY,3.5880348682403564,9446.400390625,4406.94,optical_region,H-gamma,4340,66.94,False,Optical region: no standard line match,Z
27,5.31,39627502372522829,342.0334167480469,-12.115263938903809,5.173609256744385,QSO,4.426503658294678,7603.2001953125,1231.56,uv_emission_region,NV,1240,8.44,True,UV emission match: NV (offset 8A),Z
28,5.29,39632991059707062,203.96170043945312,35.55442810058594,5.812938690185547,QSO,4.407186031341553,7151.79296875,1049.74,lyman_forest_region,Ly-beta,1026,23.74,True,Lyman forest region: possible unusual IGM absorption or Ly-beta/Ly-gamma feature,Z
29,5.27,39627730756567354,23.00714111328125,-2.2675564289093018,5.847425937652588,QSO,4.3950066566467285,9382.400390625,1370.21,uv_emission_region,SiIV 1394,1394,23.79,True,UV emission match: SiIV 1394 (offset 24A),Z
30,5.22,2253920206323713,345.87200927734375,31.83919906616211,1.1157796382904053,GALAXY,3.4829180240631104,7603.2001953125,3593.57,optical_region,[OII],3727,133.43,False,Optical region: no standard line match,Z
