ts,batch,iter,total_fwd,wall_s,img_per_sec,gpu_mem_gb
22:02:10,128,100,12800,1.4,9410,0.14
22:02:10,128,200,25600,2.0,12761,0.14
22:02:11,128,300,38400,2.7,14467,0.14
22:02:12,128,400,51200,3.3,15518,0.14
22:02:12,128,500,64000,3.9,16227,0.14
22:02:13,128,600,76800,4.6,16726,0.14
22:02:14,128,700,89600,5.2,17102,0.14
22:02:14,128,800,102400,5.9,17402,0.14
22:02:15,128,900,115200,6.5,17642,0.14
22:02:15,128,1000,128000,7.2,17839,0.14
22:02:16,128,1100,140800,7.8,18003,0.14
22:02:17,128,1200,153600,8.5,18131,0.14
22:02:17,128,1300,166400,9.1,18224,0.14
22:02:18,128,1400,179200,9.8,18328,0.14
22:02:19,128,1500,192000,10.4,18419,0.14
22:02:19,128,1600,204800,11.1,18500,0.14
22:02:20,128,1700,217600,11.7,18570,0.14
22:02:21,128,1800,230400,12.4,18633,0.14
22:02:21,128,1900,243200,13.0,18688,0.14
22:02:22,128,2000,256000,13.7,18740,0.14
22:02:23,128,2100,268800,14.3,18780,0.14
22:02:23,128,2200,281600,15.0,18824,0.14
22:02:24,128,2300,294400,15.6,18858,0.14
22:02:25,128,2400,307200,16.3,18887,0.14
22:02:25,128,2500,320000,16.9,18920,0.14
22:02:26,128,2600,332800,17.6,18953,0.14
22:02:27,128,2700,345600,18.2,18980,0.14
22:02:27,128,2800,358400,18.9,19008,0.14
22:02:28,128,2900,371200,19.5,19035,0.14
22:02:28,128,3000,384000,20.1,19059,0.14
22:02:29,128,3100,396800,20.8,19082,0.14
22:02:30,128,3200,409600,21.4,19103,0.14
22:02:30,128,3300,422400,22.1,19121,0.14
22:02:31,128,3400,435200,22.7,19140,0.14
22:02:32,128,3500,448000,23.4,19157,0.14
22:02:32,128,3600,460800,24.0,19174,0.14
22:02:33,128,3700,473600,24.7,19190,0.14
22:02:34,128,3800,486400,25.3,19206,0.14
22:02:34,128,3900,499200,26.0,19221,0.14
22:02:35,128,4000,512000,26.6,19234,0.14
22:02:36,128,4100,524800,27.3,19240,0.14
22:02:36,128,4200,537600,27.9,19253,0.14
22:02:37,128,4300,550400,28.6,19274,0.14
22:02:37,128,4400,563200,29.2,19296,0.14
22:02:38,128,4500,576000,29.8,19317,0.14
22:02:39,128,4600,588800,30.5,19335,0.14
22:02:39,128,4700,601600,31.1,19353,0.14
22:02:40,128,4800,614400,31.7,19373,0.14
22:02:41,128,4900,627200,32.3,19389,0.14
22:02:41,128,5000,640000,33.0,19406,0.14
22:02:42,128,5100,652800,33.6,19422,0.14
22:02:43,128,5200,665600,34.2,19438,0.14
22:02:43,128,5300,678400,34.9,19454,0.14
22:02:44,128,5400,691200,35.5,19467,0.14
22:02:44,128,5500,704000,36.1,19482,0.14
22:02:45,128,5600,716800,36.8,19495,0.14
22:02:46,128,5700,729600,37.4,19508,0.14
22:02:46,128,5800,742400,38.0,19520,0.14
22:02:47,128,5900,755200,38.7,19533,0.14
22:02:48,128,6000,768000,39.3,19543,0.14
22:02:48,128,6100,780800,39.9,19555,0.14
22:02:49,128,6200,793600,40.6,19566,0.14
22:02:49,128,6300,806400,41.2,19577,0.14
22:02:50,128,6400,819200,41.8,19587,0.14
22:02:51,128,6500,832000,42.5,19597,0.14
22:02:51,128,6600,844800,43.1,19607,0.14
22:02:52,128,6700,857600,43.7,19615,0.14
22:02:53,128,6800,870400,44.4,19624,0.14
22:02:53,128,6900,883200,45.0,19634,0.14
22:02:54,128,7000,896000,45.6,19643,0.14
22:02:55,128,7100,908800,46.3,19644,0.14
22:02:55,128,7200,921600,46.9,19651,0.14
22:02:56,128,7300,934400,47.5,19659,0.14
22:02:56,128,7400,947200,48.2,19667,0.14
22:02:57,128,7500,960000,48.8,19674,0.14
22:02:58,128,7600,972800,49.4,19682,0.14
22:02:58,128,7700,985600,50.1,19690,0.14
22:02:59,128,7800,998400,50.7,19697,0.14
22:03:00,128,7900,1011200,51.3,19704,0.14
22:03:00,128,8000,1024000,52.0,19710,0.14
22:03:01,128,8100,1036800,52.6,19717,0.14
22:03:02,128,8200,1049600,53.2,19723,0.14
22:03:02,128,8300,1062400,53.8,19730,0.14
22:03:03,128,8400,1075200,54.5,19735,0.14
22:03:03,128,8500,1088000,55.1,19740,0.14
22:03:04,128,8600,1100800,55.7,19746,0.14
22:03:05,128,8700,1113600,56.4,19752,0.14
22:03:05,128,8800,1126400,57.0,19757,0.14
22:03:06,128,8900,1139200,57.6,19763,0.14
22:03:07,128,9000,1152000,58.3,19768,0.14
22:03:07,128,9100,1164800,58.9,19774,0.14
22:03:08,128,9200,1177600,59.5,19779,0.14
22:03:08,128,9300,1190400,60.2,19784,0.14
22:03:09,128,9400,1203200,60.8,19789,0.14
22:03:10,128,9500,1216000,61.4,19793,0.14
22:03:10,128,9600,1228800,62.1,19797,0.14
22:03:11,128,9700,1241600,62.7,19802,0.14
22:03:12,128,9800,1254400,63.3,19806,0.14
22:03:12,128,9900,1267200,64.0,19810,0.14
22:03:13,128,10000,1280000,64.6,19807,0.14
22:03:14,128,10100,1292800,65.3,19812,0.14
22:03:14,128,10200,1305600,65.9,19816,0.14
22:03:15,128,10300,1318400,66.5,19820,0.14
22:03:15,128,10400,1331200,67.2,19823,0.14
22:03:16,128,10500,1344000,67.8,19828,0.14
22:03:17,128,10600,1356800,68.4,19832,0.14
22:03:17,128,10700,1369600,69.0,19836,0.14
22:03:18,128,10800,1382400,69.7,19839,0.14
22:03:19,128,10900,1395200,70.3,19843,0.14
22:03:19,128,11000,1408000,70.9,19846,0.14
22:03:20,128,11100,1420800,71.6,19849,0.14
22:03:21,128,11200,1433600,72.2,19853,0.14
22:03:21,128,11300,1446400,72.8,19857,0.14
22:03:22,128,11400,1459200,73.5,19860,0.14
22:03:22,128,11500,1472000,74.1,19862,0.14
22:03:23,128,11600,1484800,74.7,19866,0.14
22:03:24,128,11700,1497600,75.4,19869,0.14
22:03:24,128,11800,1510400,76.0,19873,0.14
22:03:25,128,11900,1523200,76.6,19876,0.14
22:03:26,128,12000,1536000,77.3,19879,0.14
22:03:26,128,12100,1548800,77.9,19882,0.14
22:03:27,128,12200,1561600,78.5,19885,0.14
22:03:27,128,12300,1574400,79.2,19888,0.14
22:03:28,128,12400,1587200,79.8,19891,0.14
22:03:29,128,12500,1600000,80.4,19894,0.14
22:03:29,128,12600,1612800,81.1,19897,0.14
22:03:30,128,12700,1625600,81.7,19900,0.14
22:03:31,128,12800,1638400,82.3,19903,0.14
22:03:31,128,12900,1651200,83.0,19905,0.14
22:03:32,128,13000,1664000,83.6,19905,0.14
22:03:33,128,13100,1676800,84.2,19908,0.14
22:03:33,128,13200,1689600,84.9,19911,0.14
22:03:34,128,13300,1702400,85.5,19914,0.14
22:03:34,128,13400,1715200,86.1,19916,0.14
22:03:35,128,13500,1728000,86.8,19919,0.14
22:03:36,128,13600,1740800,87.4,19921,0.14
22:03:36,128,13700,1753600,88.0,19924,0.14
22:03:37,128,13800,1766400,88.6,19927,0.14
22:03:38,128,13900,1779200,89.3,19929,0.14
22:03:38,128,14000,1792000,89.9,19932,0.14
22:03:39,128,14100,1804800,90.5,19934,0.14
22:03:39,128,14200,1817600,91.2,19936,0.14
22:03:40,128,14300,1830400,91.8,19938,0.14
22:03:41,128,14400,1843200,92.4,19940,0.14
22:03:41,128,14500,1856000,93.1,19943,0.14
22:03:42,128,14600,1868800,93.7,19945,0.14
22:03:43,128,14700,1881600,94.3,19947,0.14
22:03:43,128,14800,1894400,95.0,19949,0.14
22:03:44,128,14900,1907200,95.6,19951,0.14
22:03:45,128,15000,1920000,96.2,19953,0.14
22:03:45,128,15100,1932800,96.9,19955,0.14
22:03:46,128,15200,1945600,97.5,19957,0.14
22:03:46,128,15300,1958400,98.1,19959,0.14
22:03:47,128,15400,1971200,98.8,19961,0.14
22:03:48,128,15500,1984000,99.4,19963,0.14
22:03:48,128,15600,1996800,100.0,19966,0.14
22:03:49,128,15700,2009600,100.6,19968,0.14
22:03:50,128,15800,2022400,101.3,19969,0.14
22:03:50,128,15900,2035200,101.9,19971,0.14
22:03:51,128,16000,2048000,102.6,19970,0.14
22:03:51,128,16100,2060800,103.2,19972,0.14
22:03:52,128,16200,2073600,103.8,19973,0.14
22:03:53,128,16300,2086400,104.4,19975,0.14
22:03:53,128,16400,2099200,105.1,19977,0.14
22:03:54,128,16500,2112000,105.7,19979,0.14
22:03:55,128,16600,2124800,106.3,19981,0.14
22:03:55,128,16700,2137600,107.0,19982,0.14
22:03:56,128,16800,2150400,107.6,19984,0.14
22:03:57,128,16900,2163200,108.2,19985,0.14
22:03:57,128,17000,2176000,108.9,19987,0.14
22:03:58,128,17100,2188800,109.5,19989,0.14
22:03:58,128,17200,2201600,110.1,19991,0.14
22:03:59,128,17300,2214400,110.8,19992,0.14
22:04:00,128,17400,2227200,111.4,19994,0.14
22:04:00,128,17500,2240000,112.0,19995,0.14
22:04:01,128,17600,2252800,112.7,19997,0.14
22:04:02,128,17700,2265600,113.3,19998,0.14
22:04:02,128,17800,2278400,113.9,20000,0.14
22:04:03,128,17900,2291200,114.6,20001,0.14
22:04:03,128,18000,2304000,115.2,20003,0.14
22:04:04,128,18100,2316800,115.8,20004,0.14
22:04:05,128,18200,2329600,116.4,20005,0.14
22:04:05,128,18300,2342400,117.1,20007,0.14
22:04:06,128,18400,2355200,117.7,20008,0.14
22:04:07,128,18500,2368000,118.3,20010,0.14
22:04:07,128,18600,2380800,119.0,20011,0.14
22:04:08,128,18700,2393600,119.6,20013,0.14
22:04:09,128,18800,2406400,120.2,20014,0.14
22:04:09,128,18900,2419200,120.9,20013,0.14
22:04:10,128,19000,2432000,121.5,20014,0.14
22:04:10,128,19100,2444800,122.2,20015,0.14
22:04:11,128,19200,2457600,122.8,20016,0.14
22:04:12,128,19300,2470400,123.4,20017,0.14
22:04:12,128,19400,2483200,124.0,20019,0.14
22:04:13,128,19500,2496000,124.7,20020,0.14
22:04:14,128,19600,2508800,125.3,20021,0.14
22:04:14,128,19700,2521600,125.9,20022,0.14
22:04:15,128,19800,2534400,126.6,20023,0.14
22:04:16,128,19900,2547200,127.2,20024,0.14
22:04:16,128,20000,2560000,127.8,20026,0.14
22:04:17,128,20100,2572800,128.5,20027,0.14
22:04:17,128,20200,2585600,129.1,20028,0.14
22:04:18,128,20300,2598400,129.7,20029,0.14
22:04:19,128,20400,2611200,130.4,20030,0.14
22:04:19,128,20500,2624000,131.0,20031,0.14
22:04:20,128,20600,2636800,131.6,20032,0.14
22:04:21,128,20700,2649600,132.3,20033,0.14
22:04:21,128,20800,2662400,132.9,20035,0.14
22:04:22,128,20900,2675200,133.5,20036,0.14
22:04:22,128,21000,2688000,134.2,20037,0.14
22:04:23,128,21100,2700800,134.8,20038,0.14
22:04:24,128,21200,2713600,135.4,20039,0.14
22:04:24,128,21300,2726400,136.0,20040,0.14
22:04:25,128,21400,2739200,136.7,20041,0.14
22:04:26,128,21500,2752000,137.3,20042,0.14
22:04:26,128,21600,2764800,137.9,20043,0.14
22:04:27,128,21700,2777600,138.6,20044,0.14
22:04:27,128,21800,2790400,139.2,20045,0.14
22:04:28,128,21900,2803200,139.9,20044,0.14
22:04:29,128,22000,2816000,140.5,20045,0.14
22:04:29,128,22100,2828800,141.1,20046,0.14
22:04:30,128,22200,2841600,141.7,20047,0.14
22:04:31,128,22300,2854400,142.4,20048,0.14
22:04:31,128,22400,2867200,143.0,20049,0.14
22:04:32,128,22500,2880000,143.7,20043,0.14
22:04:33,128,22600,2892800,144.3,20044,0.14
22:04:33,128,22700,2905600,145.0,20045,0.14
22:04:34,128,22800,2918400,145.6,20046,0.14
22:04:35,128,22900,2931200,146.2,20047,0.14
22:04:35,128,23000,2944000,146.8,20048,0.14
22:04:36,128,23100,2956800,147.5,20049,0.14
22:04:36,128,23200,2969600,148.1,20050,0.14
22:04:37,128,23300,2982400,148.7,20051,0.14
22:04:38,128,23400,2995200,149.4,20052,0.14
22:04:38,128,23500,3008000,150.0,20053,0.14
22:04:39,128,23600,3020800,150.6,20053,0.14
22:04:40,128,23700,3033600,151.3,20054,0.14
22:04:40,128,23800,3046400,151.9,20055,0.14
22:04:41,128,23900,3059200,152.5,20056,0.14
22:04:41,128,24000,3072000,153.2,20057,0.14
22:04:42,128,24100,3084800,153.8,20057,0.14
22:04:43,128,24200,3097600,154.4,20058,0.14
22:04:43,128,24300,3110400,155.1,20059,0.14
22:04:44,128,24400,3123200,155.7,20060,0.14
22:04:45,128,24500,3136000,156.3,20061,0.14
22:04:45,128,24600,3148800,157.0,20062,0.14
22:04:46,128,24700,3161600,157.6,20063,0.14
22:04:47,128,24800,3174400,158.2,20063,0.14
22:04:47,128,24900,3187200,158.9,20063,0.14
22:04:48,128,25000,3200000,159.5,20064,0.14
22:04:48,128,25100,3212800,160.1,20065,0.14
22:04:49,128,25200,3225600,160.8,20066,0.14
22:04:50,128,25300,3238400,161.4,20066,0.14
22:04:50,128,25400,3251200,162.0,20067,0.14
22:04:51,128,25500,3264000,162.6,20068,0.14
22:04:52,128,25600,3276800,163.3,20068,0.14
22:04:52,128,25700,3289600,163.9,20069,0.14
22:04:53,128,25800,3302400,164.5,20070,0.14
22:04:53,128,25900,3315200,165.2,20071,0.14
22:04:54,128,26000,3328000,165.8,20072,0.14
22:04:55,128,26100,3340800,166.4,20072,0.14
22:04:55,128,26200,3353600,167.1,20073,0.14
22:04:56,128,26300,3366400,167.7,20073,0.14
22:04:57,128,26400,3379200,168.3,20074,0.14
22:04:57,128,26500,3392000,169.0,20075,0.14
22:04:58,128,26600,3404800,169.6,20076,0.14
22:04:59,128,26700,3417600,170.2,20076,0.14
22:04:59,128,26800,3430400,170.9,20077,0.14
22:05:00,128,26900,3443200,171.5,20078,0.14
22:05:00,128,27000,3456000,172.1,20078,0.14
22:05:01,128,27100,3468800,172.8,20079,0.14
22:05:02,128,27200,3481600,173.4,20080,0.14
22:05:02,128,27300,3494400,174.0,20080,0.14
22:05:03,128,27400,3507200,174.7,20081,0.14
22:05:04,128,27500,3520000,175.3,20082,0.14
22:05:04,128,27600,3532800,175.9,20082,0.14
22:05:05,128,27700,3545600,176.5,20083,0.14
22:05:05,128,27800,3558400,177.2,20084,0.14
22:05:06,128,27900,3571200,177.8,20083,0.14
22:05:07,128,28000,3584000,178.5,20084,0.14
22:05:07,128,28100,3596800,179.1,20084,0.14
22:05:08,128,28200,3609600,179.7,20085,0.14
22:05:09,128,28300,3622400,180.4,20085,0.14
22:05:09,128,28400,3635200,181.0,20086,0.14
22:05:10,128,28500,3648000,181.6,20087,0.14
22:05:11,128,28600,3660800,182.2,20087,0.14
22:05:11,128,28700,3673600,182.9,20088,0.14
22:05:12,128,28800,3686400,183.5,20088,0.14
22:05:12,128,28900,3699200,184.1,20089,0.14
22:05:13,128,29000,3712000,184.8,20090,0.14
22:05:14,128,29100,3724800,185.4,20090,0.14
22:05:14,128,29200,3737600,186.0,20091,0.14
22:05:15,128,29300,3750400,186.7,20091,0.14
22:05:16,128,29400,3763200,187.3,20092,0.14
22:05:16,128,29500,3776000,187.9,20093,0.14
22:05:17,128,29600,3788800,188.6,20093,0.14
22:05:17,128,29700,3801600,189.2,20094,0.14
22:05:18,128,29800,3814400,189.8,20094,0.14
22:05:19,128,29900,3827200,190.5,20095,0.14
22:05:19,128,30000,3840000,191.1,20095,0.14
22:05:20,128,30100,3852800,191.7,20096,0.14
22:05:21,128,30200,3865600,192.4,20097,0.14
22:05:21,128,30300,3878400,193.0,20097,0.14
22:05:22,128,30400,3891200,193.6,20098,0.14
22:05:23,128,30500,3904000,194.2,20098,0.14
22:05:23,128,30600,3916800,194.9,20098,0.14
22:05:24,128,30700,3929600,195.5,20099,0.14
22:05:24,128,30800,3942400,196.1,20100,0.14
22:05:25,128,30900,3955200,196.8,20099,0.14
22:05:26,128,31000,3968000,197.4,20100,0.14
22:05:26,128,31100,3980800,198.0,20100,0.14
22:05:27,128,31200,3993600,198.7,20101,0.14
22:05:28,256,100,25600,1.2,21452,0.20
22:05:30,256,200,51200,2.4,21465,0.20
22:05:31,256,300,76800,3.6,21457,0.20
22:05:32,256,400,102400,4.8,21459,0.20
22:05:33,256,500,128000,6.0,21455,0.20
22:05:34,256,600,153600,7.2,21467,0.20
22:05:36,256,700,179200,8.4,21460,0.20
22:05:37,256,800,204800,9.5,21460,0.20
22:05:38,256,900,230400,10.7,21461,0.20
22:05:39,256,1000,256000,11.9,21460,0.20
22:05:40,256,1100,281600,13.1,21457,0.20
22:05:42,256,1200,307200,14.3,21457,0.20
22:05:43,256,1300,332800,15.5,21455,0.20
22:05:44,256,1400,358400,16.7,21444,0.20
22:05:45,256,1500,384000,17.9,21446,0.20
22:05:46,256,1600,409600,19.1,21446,0.20
22:05:48,256,1700,435200,20.3,21448,0.20
22:05:49,256,1800,460800,21.5,21449,0.20
22:05:50,256,1900,486400,22.7,21449,0.20
22:05:51,256,2000,512000,23.9,21446,0.20
22:05:52,256,2100,537600,25.1,21448,0.20
22:05:54,256,2200,563200,26.3,21445,0.20
22:05:55,256,2300,588800,27.5,21445,0.20
22:05:56,256,2400,614400,28.6,21447,0.20
22:05:57,256,2500,640000,29.8,21449,0.20
22:05:58,256,2600,665600,31.0,21446,0.20
22:06:00,256,2700,691200,32.2,21440,0.20
22:06:01,256,2800,716800,33.4,21442,0.20
22:06:02,256,2900,742400,34.6,21438,0.20
22:06:03,256,3000,768000,35.8,21433,0.20
22:06:04,256,3100,793600,37.0,21432,0.20
22:06:06,256,3200,819200,38.2,21430,0.20
22:06:07,256,3300,844800,39.4,21433,0.20
22:06:08,256,3400,870400,40.6,21432,0.20
22:06:09,256,3500,896000,41.8,21433,0.20
22:06:10,256,3600,921600,43.0,21435,0.20
22:06:11,256,3700,947200,44.2,21436,0.20
22:06:13,256,3800,972800,45.4,21438,0.20
22:06:14,256,3900,998400,46.6,21436,0.20
22:06:15,256,4000,1024000,47.8,21437,0.20
22:06:16,256,4100,1049600,49.0,21438,0.20
22:06:17,256,4200,1075200,50.2,21438,0.20
22:06:19,256,4300,1100800,51.3,21438,0.20
22:06:20,256,4400,1126400,52.5,21437,0.20
22:06:21,256,4500,1152000,53.7,21433,0.20
22:06:22,256,4600,1177600,54.9,21433,0.20
22:06:23,256,4700,1203200,56.1,21434,0.20
22:06:25,256,4800,1228800,57.3,21434,0.20
22:06:26,256,4900,1254400,58.5,21435,0.20
22:06:27,256,5000,1280000,59.7,21434,0.20
22:06:28,256,5100,1305600,60.9,21434,0.20
22:06:29,256,5200,1331200,62.1,21433,0.20
22:06:31,256,5300,1356800,63.3,21432,0.20
22:06:32,256,5400,1382400,64.5,21431,0.20
22:06:33,256,5500,1408000,65.7,21432,0.20
22:06:34,256,5600,1433600,66.9,21432,0.20
22:06:35,256,5700,1459200,68.1,21432,0.20
22:06:37,256,5800,1484800,69.3,21431,0.20
22:06:38,256,5900,1510400,70.5,21431,0.20
22:06:39,256,6000,1536000,71.7,21431,0.20
22:06:40,256,6100,1561600,72.9,21430,0.20
22:06:41,256,6200,1587200,74.1,21431,0.20
22:06:43,256,6300,1612800,75.3,21432,0.20
22:06:44,256,6400,1638400,76.5,21430,0.20
22:06:45,256,6500,1664000,77.7,21428,0.20
22:06:46,256,6600,1689600,78.9,21428,0.20
22:06:47,256,6700,1715200,80.0,21428,0.20
22:06:49,256,6800,1740800,81.2,21428,0.20
22:06:50,256,6900,1766400,82.4,21428,0.20
22:06:51,256,7000,1792000,83.6,21428,0.20
22:06:52,256,7100,1817600,84.8,21427,0.20
22:06:53,256,7200,1843200,86.0,21427,0.20
22:06:55,256,7300,1868800,87.2,21428,0.20
22:06:56,256,7400,1894400,88.4,21429,0.20
22:06:57,256,7500,1920000,89.6,21429,0.20
22:06:58,256,7600,1945600,90.8,21428,0.20
22:06:59,256,7700,1971200,92.0,21428,0.20
22:07:00,256,7800,1996800,93.2,21428,0.20
22:07:02,256,7900,2022400,94.4,21428,0.20
22:07:03,256,8000,2048000,95.6,21428,0.20
22:07:04,256,8100,2073600,96.8,21427,0.20
22:07:05,256,8200,2099200,98.0,21427,0.20
22:07:06,256,8300,2124800,99.2,21428,0.20
22:07:08,256,8400,2150400,100.4,21427,0.20
22:07:09,256,8500,2176000,101.6,21427,0.20
22:07:10,256,8600,2201600,102.7,21427,0.20
22:07:11,256,8700,2227200,103.9,21426,0.20
22:07:12,256,8800,2252800,105.1,21426,0.20
22:07:14,256,8900,2278400,106.3,21426,0.20
22:07:15,256,9000,2304000,107.5,21426,0.20
22:07:16,256,9100,2329600,108.7,21426,0.20
22:07:17,256,9200,2355200,109.9,21427,0.20
22:07:18,256,9300,2380800,111.1,21426,0.20
22:07:20,256,9400,2406400,112.3,21427,0.20
22:07:21,256,9500,2432000,113.5,21427,0.20
22:07:22,256,9600,2457600,114.7,21427,0.20
22:07:23,256,9700,2483200,115.9,21428,0.20
22:07:24,256,9800,2508800,117.1,21427,0.20
22:07:26,256,9900,2534400,118.3,21428,0.20
22:07:27,256,10000,2560000,119.5,21428,0.20
22:07:28,256,10100,2585600,120.7,21428,0.20
22:07:29,256,10200,2611200,121.9,21428,0.20
22:07:30,256,10300,2636800,123.0,21429,0.20
22:07:32,256,10400,2662400,124.2,21428,0.20
22:07:33,256,10500,2688000,125.4,21428,0.20
22:07:34,256,10600,2713600,126.6,21429,0.20
22:07:35,256,10700,2739200,127.8,21428,0.20
22:07:36,256,10800,2764800,129.0,21428,0.20
22:07:38,256,10900,2790400,130.3,21423,0.20
22:07:39,256,11000,2816000,131.5,21420,0.20
22:07:40,256,11100,2841600,132.7,21418,0.20
22:07:41,256,11200,2867200,133.9,21416,0.20
22:07:42,256,11300,2892800,135.1,21415,0.20
22:07:44,256,11400,2918400,136.3,21413,0.20
22:07:45,256,11500,2944000,137.5,21410,0.20
22:07:46,256,11600,2969600,138.7,21409,0.20
22:07:47,256,11700,2995200,139.9,21406,0.20
22:07:48,256,11800,3020800,141.1,21404,0.20
22:07:50,256,11900,3046400,142.3,21403,0.20
22:07:51,256,12000,3072000,143.5,21402,0.20
22:07:52,256,12100,3097600,144.7,21400,0.20
22:07:53,256,12200,3123200,146.0,21399,0.20
22:07:54,256,12300,3148800,147.2,21398,0.20
22:07:56,256,12400,3174400,148.4,21398,0.20
22:07:57,256,12500,3200000,149.5,21399,0.20
22:07:58,256,12600,3225600,150.7,21399,0.20
22:07:59,256,12700,3251200,151.9,21399,0.20
22:08:00,256,12800,3276800,153.1,21399,0.20
22:08:02,256,12900,3302400,154.3,21398,0.20
22:08:03,256,13000,3328000,155.5,21399,0.20
22:08:04,256,13100,3353600,156.7,21400,0.20
22:08:05,256,13200,3379200,157.9,21400,0.20
22:08:06,256,13300,3404800,159.1,21400,0.20
22:08:08,256,13400,3430400,160.3,21401,0.20
22:08:09,256,13500,3456000,161.5,21401,0.20
22:08:10,256,13600,3481600,162.7,21401,0.20
22:08:11,256,13700,3507200,163.9,21401,0.20
22:08:12,256,13800,3532800,165.1,21401,0.20
22:08:14,256,13900,3558400,166.3,21401,0.20
22:08:15,256,14000,3584000,167.5,21401,0.20
22:08:16,256,14100,3609600,168.7,21402,0.20
22:08:17,256,14200,3635200,169.9,21402,0.20
22:08:18,256,14300,3660800,171.1,21402,0.20
22:08:20,256,14400,3686400,172.2,21402,0.20
22:08:21,256,14500,3712000,173.4,21403,0.20
22:08:22,256,14600,3737600,174.6,21402,0.20
22:08:23,256,14700,3763200,175.8,21403,0.20
22:08:24,256,14800,3788800,177.0,21403,0.20
22:08:26,256,14900,3814400,178.2,21403,0.20
22:08:27,256,15000,3840000,179.4,21404,0.20
22:08:28,256,15100,3865600,180.6,21404,0.20
22:08:29,256,15200,3891200,181.8,21405,0.20
22:08:30,256,15300,3916800,183.0,21405,0.20
22:08:31,256,15400,3942400,184.2,21405,0.20
22:08:33,256,15500,3968000,185.4,21406,0.20
22:08:34,256,15600,3993600,186.6,21406,0.20
22:08:36,512,100,51200,2.3,21899,0.31
22:08:39,512,200,102400,4.7,21870,0.31
22:08:41,512,300,153600,7.0,21863,0.31
22:08:44,512,400,204800,9.4,21876,0.31
22:08:46,512,500,256000,11.7,21898,0.31
22:08:48,512,600,307200,14.0,21896,0.31
22:08:51,512,700,358400,16.4,21886,0.31
22:08:53,512,800,409600,18.7,21893,0.31
22:08:55,512,900,460800,21.0,21895,0.31
22:08:58,512,1000,512000,23.4,21894,0.31
22:09:00,512,1100,563200,25.7,21887,0.31
22:09:02,512,1200,614400,28.1,21894,0.31
22:09:05,512,1300,665600,30.4,21900,0.31
22:09:07,512,1400,716800,32.7,21899,0.31
22:09:09,512,1500,768000,35.1,21882,0.31
22:09:12,512,1600,819200,37.5,21874,0.31
22:09:14,512,1700,870400,39.8,21873,0.31
22:09:16,512,1800,921600,42.1,21880,0.31
22:09:19,512,1900,972800,44.5,21881,0.31
22:09:21,512,2000,1024000,46.8,21880,0.31
22:09:23,512,2100,1075200,49.1,21882,0.31
22:09:26,512,2200,1126400,51.5,21885,0.31
22:09:28,512,2300,1177600,53.8,21885,0.31
22:09:30,512,2400,1228800,56.1,21886,0.31
22:09:33,512,2500,1280000,58.5,21887,0.31
22:09:35,512,2600,1331200,60.8,21890,0.31
22:09:37,512,2700,1382400,63.1,21892,0.31
22:09:40,512,2800,1433600,65.5,21892,0.31
22:09:42,512,2900,1484800,67.8,21893,0.31
22:09:44,512,3000,1536000,70.2,21894,0.31
22:09:47,512,3100,1587200,72.5,21894,0.31
22:09:49,512,3200,1638400,74.8,21894,0.31
22:09:51,512,3300,1689600,77.2,21893,0.31
22:09:54,512,3400,1740800,79.5,21893,0.31
22:09:56,512,3500,1792000,81.9,21893,0.31
22:09:58,512,3600,1843200,84.2,21894,0.31
22:10:01,512,3700,1894400,86.5,21896,0.31
22:10:03,512,3800,1945600,88.9,21897,0.31
22:10:05,512,3900,1996800,91.2,21895,0.31
22:10:08,512,4000,2048000,93.6,21889,0.31
22:10:10,512,4100,2099200,95.9,21888,0.31
22:10:12,512,4200,2150400,98.2,21888,0.31
22:10:15,512,4300,2201600,100.6,21891,0.31
22:10:17,512,4400,2252800,102.9,21891,0.31
22:10:19,512,4500,2304000,105.2,21892,0.31
22:10:22,512,4600,2355200,107.6,21892,0.31
22:10:24,512,4700,2406400,109.9,21894,0.31
22:10:26,512,4800,2457600,112.2,21895,0.31
22:10:29,512,4900,2508800,114.6,21896,0.31
22:10:31,512,5000,2560000,116.9,21897,0.31
22:10:33,512,5100,2611200,119.3,21896,0.31
22:10:36,512,5200,2662400,121.6,21895,0.31
22:10:38,512,5300,2713600,123.9,21895,0.31
22:10:40,512,5400,2764800,126.3,21894,0.31
22:10:43,512,5500,2816000,128.6,21894,0.31
22:10:45,512,5600,2867200,131.0,21894,0.31
22:10:47,512,5700,2918400,133.3,21895,0.31
22:10:50,512,5800,2969600,135.6,21896,0.31
22:10:52,512,5900,3020800,138.0,21895,0.31
22:10:54,512,6000,3072000,140.3,21897,0.31
22:10:57,512,6100,3123200,142.6,21897,0.31
22:10:59,512,6200,3174400,145.0,21898,0.31
22:11:01,512,6300,3225600,147.3,21899,0.31
22:11:04,512,6400,3276800,149.6,21898,0.31
22:11:06,512,6500,3328000,152.0,21897,0.31
22:11:08,512,6600,3379200,154.3,21899,0.31
22:11:11,512,6700,3430400,156.7,21898,0.31
22:11:13,512,6800,3481600,159.0,21898,0.31
22:11:15,512,6900,3532800,161.3,21900,0.31
22:11:18,512,7000,3584000,163.6,21901,0.31
22:11:20,512,7100,3635200,166.0,21901,0.31
22:11:22,512,7200,3686400,168.3,21901,0.31
22:11:25,512,7300,3737600,170.7,21901,0.31
22:11:27,512,7400,3788800,173.0,21901,0.31
22:11:29,512,7500,3840000,175.3,21901,0.31
22:11:32,512,7600,3891200,177.7,21902,0.31
22:11:34,512,7700,3942400,180.0,21904,0.31
22:11:36,512,7800,3993600,182.3,21905,0.31
22:11:41,1024,100,102400,4.6,22198,0.54
22:11:46,1024,200,204800,9.2,22184,0.54
22:11:51,1024,300,307200,13.9,22179,0.54
22:11:55,1024,400,409600,18.5,22177,0.54
22:12:00,1024,500,512000,23.1,22169,0.54
22:12:04,1024,600,614400,27.7,22175,0.54
22:12:09,1024,700,716800,32.3,22179,0.54
22:12:14,1024,800,819200,36.9,22180,0.54
22:12:18,1024,900,921600,41.6,22170,0.54
22:12:23,1024,1000,1024000,46.2,22172,0.54
22:12:28,1024,1100,1126400,50.8,22175,0.54
22:12:32,1024,1200,1228800,55.4,22176,0.54
22:12:37,1024,1300,1331200,60.0,22175,0.54
22:12:41,1024,1400,1433600,64.6,22177,0.54
22:12:46,1024,1500,1536000,69.3,22175,0.54
22:12:51,1024,1600,1638400,73.9,22170,0.54
22:12:55,1024,1700,1740800,78.5,22166,0.54
22:13:00,1024,1800,1843200,83.2,22165,0.54
22:13:05,1024,1900,1945600,87.8,22168,0.54
22:13:09,1024,2000,2048000,92.4,22168,0.54
22:13:14,1024,2100,2150400,97.0,22166,0.54
22:13:18,1024,2200,2252800,101.6,22167,0.54
22:13:23,1024,2300,2355200,106.2,22168,0.54
22:13:28,1024,2400,2457600,110.9,22169,0.54
22:13:32,1024,2500,2560000,115.5,22168,0.54
22:13:37,1024,2600,2662400,120.1,22166,0.54
22:13:42,1024,2700,2764800,124.7,22164,0.54
22:13:46,1024,2800,2867200,129.4,22163,0.54
22:13:51,1024,2900,2969600,134.0,22160,0.54
22:13:55,1024,3000,3072000,138.6,22161,0.54
22:14:00,1024,3100,3174400,143.2,22161,0.54
22:14:05,1024,3200,3276800,147.9,22161,0.54
22:14:09,1024,3300,3379200,152.5,22161,0.54
22:14:14,1024,3400,3481600,157.1,22160,0.54
22:14:18,1024,3500,3584000,161.7,22160,0.54
22:14:23,1024,3600,3686400,166.3,22161,0.54
22:14:28,1024,3700,3788800,171.0,22161,0.54
22:14:32,1024,3800,3891200,175.6,22162,0.54
22:14:37,1024,3900,3993600,180.2,22162,0.54
22:14:46,2048,100,204800,9.2,22271,1.01
22:14:56,2048,200,409600,18.4,22267,1.01
22:15:05,2048,300,614400,27.6,22265,1.01
22:15:14,2048,400,819200,36.8,22262,1.01
22:15:23,2048,500,1024000,46.0,22258,1.01
22:15:32,2048,600,1228800,55.2,22256,1.01
22:15:42,2048,700,1433600,64.4,22255,1.01
22:15:51,2048,800,1638400,73.6,22256,1.01
22:16:00,2048,900,1843200,82.8,22256,1.01
22:16:09,2048,1000,2048000,92.0,22256,1.01
22:16:18,2048,1100,2252800,101.2,22255,1.01
22:16:28,2048,1200,2457600,110.4,22254,1.01
22:16:37,2048,1300,2662400,119.6,22253,1.01
22:16:46,2048,1400,2867200,128.8,22253,1.01
22:16:55,2048,1500,3072000,138.1,22252,1.01
22:17:05,2048,1600,3276800,147.3,22250,1.01
22:17:14,2048,1700,3481600,156.5,22249,1.01
22:17:23,2048,1800,3686400,165.7,22249,1.01
22:17:32,2048,1900,3891200,174.9,22250,1.01
