index,atmos_type,recon_error,wl_1.000,wl_1.020,wl_1.040,wl_1.060,wl_1.080,wl_1.101,wl_1.121,wl_1.141,wl_1.161,wl_1.181,wl_1.201,wl_1.221,wl_1.241,wl_1.261,wl_1.281,wl_1.302,wl_1.322,wl_1.342,wl_1.362,wl_1.382,wl_1.402,wl_1.422,wl_1.442,wl_1.462,wl_1.482,wl_1.503,wl_1.523,wl_1.543,wl_1.563,wl_1.583,wl_1.603,wl_1.623,wl_1.643,wl_1.663,wl_1.683,wl_1.704,wl_1.724,wl_1.744,wl_1.764,wl_1.784,wl_1.804,wl_1.824,wl_1.844,wl_1.864,wl_1.884,wl_1.905,wl_1.925,wl_1.945,wl_1.965,wl_1.985,wl_2.005,wl_2.025,wl_2.045,wl_2.065,wl_2.085,wl_2.106,wl_2.126,wl_2.146,wl_2.166,wl_2.186,wl_2.206,wl_2.226,wl_2.246,wl_2.266,wl_2.286,wl_2.307,wl_2.327,wl_2.347,wl_2.367,wl_2.387,wl_2.407,wl_2.427,wl_2.447,wl_2.467,wl_2.487,wl_2.508,wl_2.528,wl_2.548,wl_2.568,wl_2.588,wl_2.608,wl_2.628,wl_2.648,wl_2.668,wl_2.688,wl_2.709,wl_2.729,wl_2.749,wl_2.769,wl_2.789,wl_2.809,wl_2.829,wl_2.849,wl_2.869,wl_2.889,wl_2.910,wl_2.930,wl_2.950,wl_2.970,wl_2.990,wl_3.010,wl_3.030,wl_3.050,wl_3.070,wl_3.090,wl_3.111,wl_3.131,wl_3.151,wl_3.171,wl_3.191,wl_3.211,wl_3.231,wl_3.251,wl_3.271,wl_3.291,wl_3.312,wl_3.332,wl_3.352,wl_3.372,wl_3.392,wl_3.412,wl_3.432,wl_3.452,wl_3.472,wl_3.492,wl_3.513,wl_3.533,wl_3.553,wl_3.573,wl_3.593,wl_3.613,wl_3.633,wl_3.653,wl_3.673,wl_3.693,wl_3.714,wl_3.734,wl_3.754,wl_3.774,wl_3.794,wl_3.814,wl_3.834,wl_3.854,wl_3.874,wl_3.894,wl_3.915,wl_3.935,wl_3.955,wl_3.975,wl_3.995,wl_4.015,wl_4.035,wl_4.055,wl_4.075,wl_4.095,wl_4.116,wl_4.136,wl_4.156,wl_4.176,wl_4.196,wl_4.216,wl_4.236,wl_4.256,wl_4.276,wl_4.296,wl_4.317,wl_4.337,wl_4.357,wl_4.377,wl_4.397,wl_4.417,wl_4.437,wl_4.457,wl_4.477,wl_4.497,wl_4.518,wl_4.538,wl_4.558,wl_4.578,wl_4.598,wl_4.618,wl_4.638,wl_4.658,wl_4.678,wl_4.698,wl_4.719,wl_4.739,wl_4.759,wl_4.779,wl_4.799,wl_4.819,wl_4.839,wl_4.859,wl_4.879,wl_4.899,wl_4.920,wl_4.940,wl_4.960,wl_4.980,wl_5.000
4962,exotic,0.12346767634153366,402.69603674399286,449.59458556507906,366.90796460762726,397.0973778001316,372.034590408409,397.66128132577785,431.34491253393327,420.5143663463025,426.29077063808086,445.30085707724675,407.9637555198146,442.56641147952814,449.49230360874145,449.3142444203337,405.55971272738975,411.84495569604206,370.6721295309603,352.1143092923669,408.14717330804916,386.1872157277412,290.63866657208575,319.6597076285647,341.2631197962036,388.02676031288456,356.1351034172353,357.87778888669726,355.8444847715654,360.4018543466453,400.74613099988255,347.68179057929007,373.9743375371871,352.48770507864305,404.8875012197867,369.12011962487486,411.9859964191728,458.9484575829714,479.4495308559574,395.25809296035237,433.53059162608565,396.7124929752221,380.7610752267983,428.4965785126403,389.18868887191167,447.54195241132646,407.36902036756476,354.76987348651875,341.1010600973128,356.2655239240434,347.6517277743871,387.6765046427023,326.684317423371,326.6277565531189,373.3742335353089,355.49338661370996,318.6552792515919,435.4530157032756,361.2253087542808,319.99697927980293,374.3867702886079,418.32338803092694,439.7905378849256,447.8583227265292,418.21698458167845,410.0944339306173,386.8051100206723,404.8817161874803,339.24715331977904,409.66546940218507,409.91833332171586,391.0134937043296,350.8728784752566,411.0537218806862,363.37102744656227,345.4263898683678,420.58626012904404,393.48838633542107,366.276068402974,338.1941411813084,355.20694498521124,360.87834837708454,348.1510839441317,441.39007548400957,362.19761667498983,371.0283977664444,401.35906829967314,419.085645488762,399.97008515054927,401.45151680475783,445.4449290800746,434.7966254649396,465.14811166243976,397.6361831324045,426.05515857918135,396.24752848754656,405.1353668629624,408.0396090015015,386.5177903226166,364.7265535853543,361.36489253878244,369.9508099034093,344.7668970269408,355.47519554204035,347.758923390102,347.35535691616735,309.98406791964885,341.0479147247145,364.02239088614033,290.25996859142816,303.19957070273693,313.7974091393097,341.0413068489754,375.9344247671775,338.60169003315826,358.1809078132425,382.9719409661761,429.86922603229493,431.66129122639575,415.3789351480564,374.27322316551573,400.71406842978286,356.9366972298712,386.7701996378641,349.7961197501246,420.2552834325739,388.94621339593346,327.6628884613272,334.19577358244857,339.7796174217594,312.69097297152064,325.0572123135857,295.3100439499866,319.9900936369777,279.40022590362355,343.19569424432484,304.46320044125946,371.0533759058407,398.4022739548427,389.79196215602025,375.81272160716736,405.99073716762734,382.60613727191964,453.3483183015605,426.1215686412345,384.4382924291226,351.54419947746436,415.7672730512829,425.6752248859258,350.3543144557566,439.62950650017837,383.5174392985067,383.70787546291825,351.6424081934259,255.62456687997116,354.0079841555453,307.0491811030381,353.67024918153146,297.1566396921887,336.1541029022767,374.1276720164397,373.87879145263895,363.63286655776955,369.24368839738895,366.7338269257276,380.1919278741396,354.8322352369159,403.6716293010111,398.1583835641606,420.7103442555868,412.1411470415905,380.62684719896606,417.3057442474233,465.3650263535142,441.05655915699725,385.78839992224016,399.3297452696045,383.4706092923075,392.2118317171423,335.7903820357436,354.94544561155743,347.7486904781361,285.9207363743372,383.6261841178359,368.1885160854543,410.1928623345036,386.2710277162514,366.38258740276393,328.90826156121483,378.6559388053021,408.57836939832595,365.7822661097475,383.03959616286807,405.7596444837891,386.04679414436634,395.19426398373184,398.4345779198696,398.75003752653197,452.2718682822227,371.3231573126639,437.8171682541194,440.69331379784387
4995,exotic,0.10551472008228302,485.03089640767496,444.2457169093346,454.6753084565115,431.7435135412779,432.3820460497031,416.91804070289385,413.8940768452961,480.2664971530041,354.4529695892729,418.9314399000536,390.35240110322457,413.5519896461667,414.0661744437142,361.30328288951296,419.5662356537953,344.58448918412614,416.6235221267448,384.38603992848755,428.5586605605286,396.84039695696566,408.51520532530986,369.03634754434285,424.1159679310297,433.5783069181653,469.03951665402025,413.7884854140289,424.57374024627194,434.4329259880974,450.10566994549356,404.6048381990659,408.1544498711532,429.7728445311834,431.67122186214317,464.9515289227284,392.41840883915523,399.32900930422477,492.4639342354227,437.04946394953714,457.84486039859144,476.9843858018463,412.8128805540818,418.36786758441974,436.8692074896005,411.2853180953075,417.69899937554084,444.6699817696878,374.6771229914447,447.29878929536005,413.79634988807226,434.5485022301326,360.26684340285135,373.5689417273585,392.0295135754171,347.56678648728496,426.3627865898965,367.4707403717254,387.83005286571273,376.4236704655009,409.46979937525924,406.59208228538193,389.9170293794578,361.7400600506234,420.02908762102004,412.89935803556835,426.0664485187205,465.1926312808176,479.46374159306765,425.9454667843023,457.5151077920471,467.500451237556,429.41469334317725,399.6207490312177,477.83726166503084,467.1076736376539,514.4710188747091,498.56245002096114,491.08743789784285,444.9232108769102,443.25076531256616,372.5900015683009,378.1429359734302,413.8346257870439,377.6772252222802,386.36733402868714,411.9946954227759,405.89154992532997,396.8695032367434,406.1761524899622,386.6828360914117,412.9611477213306,359.8590589848217,421.4801245989992,437.3924341588448,416.64775731456336,418.67680509570073,403.8205246363455,373.47542331476683,449.21343450698424,379.92285104833223,481.745588823004,443.3311724241734,423.32075438142374,436.5248246569707,430.7434157564906,468.6154192305967,444.9556750551437,423.5368548101328,509.3597443979112,454.2425280184627,475.96468086358794,481.66230012834336,460.38854320931165,449.79424962310054,459.846757397063,420.27207257365507,418.4261741010101,465.6200762205469,417.8674526625915,423.2930417592225,403.5024413029968,385.4343693604044,425.3428155504156,348.68340110625184,382.7984392133576,368.07680715532007,326.07640763854084,409.48645360510284,397.6311901660209,361.84628019754564,379.64926083453946,388.0045102591854,439.2191119807699,370.8283661016242,421.8793850214384,391.83037891709307,466.0628638314144,406.86356552360627,433.8193855532877,444.709340803485,404.628556973448,439.2017244854472,406.4212474302336,424.0335660880443,428.16941334282484,419.17107861307863,454.6810359126559,423.07358802161735,479.5439937578785,477.29177033107,473.57748035114776,442.03228962172176,442.870518976281,457.97517332951264,457.49663172650065,414.65638811082954,459.19780458125854,421.41770857144985,441.464731199251,419.4667908228591,406.93296538614135,409.1801319871028,347.69366443244076,388.8865316502481,388.3960605603155,372.5365656154111,376.00959659310024,313.48626205252555,417.4120394043111,346.05909072536167,385.63052360260366,412.73053497267375,392.67559068868303,374.22111615851196,410.30599319681687,433.13853010724546,408.56417123304846,441.8397547547706,387.75295893631596,414.18380978504393,426.93692198294735,413.89609111590215,480.0865884461891,423.57844621578795,432.1926922000963,483.2347272224147,444.86213336397174,465.66747752019234,474.5817511990756,413.9423846168228,438.982446950891,398.8502831107379,464.86743982005447,426.87710304193683,451.8275932827485,412.76813912492435,430.7731104896568,401.4794749781115,432.1379865315027,423.5075112504907,398.76644818958516
2559,cloudy,0.10070480406284332,501.9866082771823,544.3237655387182,507.20627435611414,573.2068594026272,551.1749476981263,574.2621078365108,505.3299655381629,562.3974866020758,534.2745434290241,527.9893403963367,547.8750009968928,578.0251125585058,522.5305435187616,509.6955507695862,488.37604288730046,534.1398594874671,567.7327777926583,540.0999811393575,480.3589537707172,498.525678524852,515.1531993340377,500.8967982351368,486.0020356166061,512.2795281530895,505.63924798060646,496.1585729218692,506.24935005273187,508.8685376564038,551.0088399765939,534.2556263149768,494.8062694679507,497.0989621786779,565.4335740851416,467.54007078780927,465.2439259273532,462.1568258056329,466.67427781478636,500.943316705513,527.170922064493,505.8764506910731,418.73248383466665,515.5315957529191,426.77667973116354,448.7274253419089,496.0087843801217,501.88518893137245,505.83102992119797,524.2745879981092,535.609851735951,539.5590291437175,483.918768434347,505.7509063985084,484.5855161854768,502.85841594369896,483.40238229675055,524.7632392155214,516.6147122367678,497.5740330742805,549.3691428997993,483.84149972410495,445.3924088216489,475.3069126818857,472.94252155635866,486.74948374840955,530.0137045926197,434.80850154596584,509.6958645416087,511.4632928873226,490.14079128887545,504.2459579627035,545.4666319263291,484.519456511587,501.68975269568045,445.5458277570009,478.6291274223964,492.99434694873594,541.2737534180756,493.5242018703927,476.93913005929994,517.0577180966367,478.8037023626144,509.10647132383184,465.02276075779207,482.59972397479686,483.1679223804722,497.5353546777946,476.4443412720528,511.1950087044245,558.236554727116,436.3249716136693,469.5778779325562,475.1943508505177,521.910478572661,460.9858055997661,488.0876119041737,503.1009499091356,451.27680347049335,466.9019956905075,501.61119520769034,505.5016552224527,539.4849535774775,478.5488897666229,501.46010021773634,498.20642201882896,436.86052133487834,489.1469616179755,451.9930380849926,498.4657402990152,480.239479004276,522.1161562407141,534.5856192538114,512.0737909573724,524.2265456845249,581.3406152655306,521.9692307874868,530.8450853161631,510.0279758958358,511.8698892470475,477.5031140626936,414.18815035706416,513.4084999766507,525.1338811184331,521.4160560196751,517.3485328700151,505.3989511108133,469.5915387159678,496.8011495677813,491.2724394592576,501.8542055240626,497.0631850096342,481.16544966939097,476.4818645004606,468.0019943612353,490.36843180396204,433.1442475555823,492.4412303979858,531.6437684642235,510.95776638122936,478.8065487987216,529.5485623145867,500.2180116042665,455.1643835502731,502.5453016873321,512.9249805644123,555.4935982167801,459.3363221294282,484.52658153491,509.8724616147414,508.48293387557015,529.1185156301212,466.4406535046166,475.29919166128275,511.66629784319525,513.4103044269996,504.64111883189787,516.4562415391279,483.7122848948936,477.83550775280696,580.0265031350023,404.27912636812346,488.86449289127995,456.77562292300746,487.9900549963192,508.06996334956744,526.6804022687311,536.4676751553272,416.0304993285215,528.8585755975363,546.173384087117,457.17151229051484,483.8612205700244,469.8853931926817,410.411750088308,508.9275969990214,501.5789190730641,527.2958408862395,510.1568058798549,554.9676601170509,455.5230547939362,524.8775883361056,459.0860318797347,488.8758932132675,494.5311877932453,505.5880964500028,520.9304541737412,507.812861807378,538.7242811311936,451.5401408809645,524.6922075854593,468.01449532400966,468.4391370312659,480.0146423542337,524.4066253671848,464.5522979986564,468.5365845641892,513.1082480531443,478.51046565232554,449.9497493175969,497.02485976136563,511.70485503792577
3266,h2o_rich,0.100025475025177,497.0064306950861,507.36334264617165,531.1523874878853,503.2298092279542,500.62936250239494,462.1558270969375,426.7038732486303,488.4014637112015,444.6418935040723,516.285992858963,500.2615031106264,500.6699639812874,461.6145089636855,452.675639800551,411.0787557229205,445.9995740924498,404.76380938860365,509.75518166656144,479.0476292600599,453.36745906553375,481.4001469343649,455.07239728396866,472.55742668430935,469.9321098011216,432.4716527216586,473.58452337917,435.90531559585065,465.2059179446203,493.9995118156721,432.44347445577233,490.7326561557353,426.5883177070293,443.9030639876306,484.98931442083074,474.542673370099,473.38590287713026,496.7766488099891,482.1536105251214,485.40943659310625,460.91951894489625,485.8481614604214,444.10101163621795,511.35649110662075,475.7788493298821,420.2158696202527,464.77101484346116,447.40545258766906,418.22838239441313,526.397738280238,479.8030452439975,523.1305953733705,495.3712089029663,466.7501626739018,455.12606595830994,443.7038566416844,455.34478210300887,447.03229583933455,449.50910420089605,505.03543451494767,484.471287102523,528.8744589939906,484.1639293321528,437.460473101242,510.59141407755766,435.8863899733735,517.8818948522621,477.4701710595812,475.4425134972879,430.66635977042495,444.0351992575227,450.5194207676222,462.48185513738844,460.9011850779915,442.33309049534694,367.09971595221054,481.2797933452876,461.9882976439956,472.4031839820947,493.94660234197426,441.9430124006947,446.82458580145214,487.63447503840064,489.0257753505979,511.56250668703154,445.3330485237137,440.610697065207,461.82800873309213,414.978824690841,463.4487955595773,449.53647887407107,409.83712807303436,440.6285390379466,520.3921031222096,439.50001178088183,437.9906357985311,455.03796119853973,456.0858034407882,439.91646916704485,406.95105511848305,471.52573431686596,536.849368269814,430.0600174989793,429.4042159042215,517.3750493637202,473.46762659687045,340.94586972730707,472.9543116948232,408.609042751824,433.99633800557683,488.03522033326726,460.5706201614199,486.04925734939553,410.2893339771544,497.70156994994113,410.69483998636326,496.2136614936883,470.15888224764086,452.87505452026124,476.8578589808184,430.82422580445996,506.9417093605559,476.1343378417662,517.9922136313188,403.5423671753534,463.6430360394634,440.31350859388846,428.57754410722043,459.9761185866145,490.3733228046489,491.00530758575803,491.97644901150727,483.67704715634466,420.3700727996626,443.96044437828823,433.4238827499218,490.7972301632743,455.25403490042936,426.94478740359267,504.7100802529606,496.6790890046858,520.1118472994531,439.2920649825999,407.71776341301256,493.33577412070633,482.36045420380776,470.0937866087068,518.895661302579,475.15934792996137,496.48709898618375,425.6945347064414,453.84020880671443,429.4544875325747,501.44450510031606,440.1414500548069,417.25389425367405,482.648448700289,457.15155354255637,447.62640550106323,509.758350702165,480.1380228710683,458.7970829577605,483.4837887567274,494.9974717497126,466.914117380002,500.8690685594844,484.2744740246228,451.2533258394822,465.6474437307201,506.27217065840887,432.46333846937614,484.59237840777627,527.5525969715532,427.24928997014524,506.36134253119417,489.5327705011195,454.55441337495677,445.7923646651476,507.5549751525191,491.955818826257,514.7740294585855,459.47191508718385,411.1420834312936,487.8480531608414,437.8191083644794,477.7610421963493,469.2741667087008,462.29939561364955,467.7578438063962,467.5013748167643,448.22924428944515,441.24038916029696,531.8069056265355,455.5079276059267,504.30276291698124,533.7867030344845,450.8478452785211,534.7195373900789,441.87870536828524,400.68482926324975,427.0387806822589
4980,exotic,0.09993693977594376,545.9346676836853,575.1108802869018,485.5796942539719,536.1743399758321,481.6617897387379,512.1952329531756,462.59548741377375,486.01980209898323,512.164977830885,489.92945930300687,457.7024579712747,465.60573277057154,426.64967868285316,474.1191922057806,440.4394777503364,508.7588649393378,465.3065752387845,460.99308089464154,468.1016871182276,472.8753480036672,456.2208355898815,455.0585351463273,438.7674390066007,460.400925788413,495.74548542047825,485.458952445948,469.5284052377681,498.23989962536274,548.7892303108252,493.0194811028729,524.3344746504745,464.0055588368113,539.7190849220733,515.2667616910072,541.4926196950037,525.3665111924372,513.7005903501208,469.85254899585885,448.6551512309954,489.09192290912324,476.1092450474187,475.869231406525,447.18814022151594,457.705281480285,475.8857007151195,516.7248937617181,456.495622476005,461.2106194308302,518.0690270209043,461.9348332629017,457.6280372654852,476.2951689988463,499.33158142102786,402.3518390866194,506.88758610458535,482.4221222337475,473.1436075832188,515.4251197605342,490.1998589526201,498.7220623200517,457.50114363161725,467.8294779988813,507.1329883098673,541.0441730815834,527.4612207649276,496.6524427081613,464.60645166028087,530.4007664490276,491.38795498278165,486.21501124208095,444.0965217964946,466.42705893497816,447.43907886849263,444.365338198575,519.6931255781932,438.9355553101738,454.29474833946335,403.9938938863736,410.4323385578042,474.4516645944384,386.11551715842296,441.12110132971816,412.21409612274095,405.9185154309854,445.58428243438345,417.4500677255085,472.4729736822648,443.21880070805656,447.82544751841607,510.76636232940393,443.58044821479194,460.9816922866066,511.1191770141884,499.8478505723332,496.2235119724646,473.81313124406387,512.1011456835322,493.8970294534495,496.4790579890047,451.5566998287326,497.42788747652685,485.8111543330287,503.48696936126515,512.4595788826575,497.73714247840314,467.23425536279836,523.3372948377526,545.8230932953983,532.6832673903056,487.3757889727932,509.5051884651945,424.49955472614425,437.22860674705254,450.04743244386634,422.788191213274,428.97972132759344,438.9235073789535,448.5612576008272,485.4388510767246,427.12116496157716,439.9123471757117,476.86978034411703,491.45384104865457,482.5412089251472,433.70500566965677,487.8364298360898,470.91351652532467,473.6828698382566,505.6834106733762,498.3149807582247,461.74472968698046,494.9865018207801,474.5527283234833,480.3995539164041,489.1191106528242,526.951738352413,495.43987060671833,481.31337395028515,467.4956968686224,517.1230013555393,522.3131190698139,510.7369408205428,513.159116409591,486.70979724442833,454.7673788327677,460.59951273450525,496.30572264871677,483.84469803216,455.3735691988021,473.1422393095384,485.68841825278776,476.0208761901411,489.3755582918148,491.2423251786515,456.035713201985,450.1034948637078,474.22106186847356,470.287138270555,409.666784339557,479.9730681275963,485.6709074178077,477.830886935364,539.1457077372665,515.1766749421955,489.25558601844835,502.22931753631747,536.322610144376,491.82482824805015,451.7721843074298,503.9039665096859,537.7363379932068,491.33511100698473,472.98516342510004,518.1168036538311,516.0857859614152,514.9869788347353,525.468725608364,511.6562973079107,543.1364913248065,459.69146693057684,450.3020394280481,441.6572047010243,482.4195804428455,526.9085740898925,463.68886880897253,502.93544340643876,460.17796225839487,463.65853913127177,458.92974675636793,515.5664236164523,456.682269707459,498.4253349993899,434.03774512527366,462.7104111285239,454.2444567615503,478.91271222135185,489.45834915186043,512.1440400030891,453.75137455235875,499.3499854541763
4994,exotic,0.0988340973854065,456.87112474821623,507.36578829524564,475.92685279626323,463.4530392994569,479.8757435886076,495.97991635285837,465.16953341227605,509.98315627930987,511.7897232450458,545.0458504402543,495.53980568914363,521.4193550905251,484.263575683458,455.72905965320905,421.7687142732309,476.836716449732,465.4084402937707,461.1413233389999,452.4558504334913,440.67511886792295,436.976338291096,470.8612543723565,445.10709450142235,501.69760405183536,464.54589407230156,452.3835010040807,461.38909531400384,531.0750425535208,497.541598766271,461.6354149129842,450.57213078536154,399.1461700119677,418.41273872809916,460.43114312187765,399.1535328953619,449.45124701502516,388.99576313201203,438.4661873614862,413.57025725323246,484.36121397489575,463.4487209793263,476.81220777462613,472.01875036145117,516.0041954277488,480.70991159029677,471.62873362783483,446.6582696695957,469.87344710043806,437.3286036383204,425.6764779107283,410.56842185527194,419.7475433043703,424.77954810848723,407.61604075089167,462.0337234057078,451.6040259313053,455.37188092202615,445.50132052067767,460.5766467095085,492.85689810969245,493.65527454026653,486.95214943702604,454.1418546037456,547.4393747928059,453.3740800385772,440.4028377687048,496.64702270897305,398.25763900454314,454.80069294796584,442.62037188429116,412.82764236184653,409.3330289112766,403.2256343708663,420.44181728850646,434.2450726623319,495.40152144804836,483.6380216823721,481.25165534786146,477.82764599934046,502.0223859657487,444.51824190340386,469.7845010980947,487.8624651569149,455.9905544262534,476.60782796045675,427.89202582740046,426.63038688397324,415.26439988144614,465.3389300900528,428.76462999008606,405.0169112139841,396.62879484620026,448.63089095909635,487.019363453652,430.29363169693966,475.0466638212981,458.84149668574815,508.98209738132203,455.59283254120055,438.8133778840461,493.2112761613896,520.7654579205533,455.6682131876858,419.66898497108036,472.96114098148945,407.6186454798186,398.57864174433405,420.28028332420774,415.63665274905486,441.89542666450853,490.7403787273048,469.78620872668154,477.1030272780891,468.8142196055439,459.360662157547,473.54749319427833,520.131838394577,438.2737914750045,447.2656745668908,486.17159775757165,448.4541321995852,439.6641052103234,414.52384618823595,417.56651263817054,432.4449384726678,429.4456254576993,463.3802208650884,407.68191075226116,468.2684974263976,441.42896232799467,462.4970380649624,530.8990346147051,454.1928532792771,495.1329869331781,506.4906730983457,461.4201810758411,483.2593104384513,407.16437691010526,451.6139030967171,450.31167158863553,406.6677146868824,426.97274004295224,434.7170284539864,441.82370107383645,394.60993558848776,421.31401011648546,411.84762521118387,502.62795597582476,515.7700344779555,511.21026504494756,482.10297170073267,448.8909134013851,495.28901220431095,470.6461371127189,447.2725818437151,444.1670750591791,447.1658812665817,423.25052426583096,428.41369983415717,407.6920133715599,379.0443700863587,406.53282887204756,383.41495496560975,473.600252361571,408.66086073338,461.68759735724166,502.01623548235114,459.52249640160295,494.09492477093374,466.5130519500514,449.84679867259433,459.322412332081,480.1187224826493,426.0906838497781,406.12709903731866,425.55258700984734,400.43633581452724,447.77811432030967,393.76532284880227,416.76394904403276,436.9802052784503,474.9244005136874,493.67092539864973,482.2027660510783,451.3561153378396,448.43934453715815,446.72796556101207,461.3552594654487,497.9409396236413,507.93972358626576,460.31889653520085,434.1302832244021,396.4281406606849,474.05557427590526,433.1025990602616,437.7221629894107,478.4751098661988,395.0090309717822,434.02441112925044,435.6109754597758
691,clear_h2he,0.09754106402397156,506.00757716878894,469.74587062198657,493.72024745446106,554.8681758227484,500.38379708576304,461.07900983433103,569.8499323319999,517.0329145118681,503.9860646589794,475.17246517660317,504.50531969100933,500.4843497283078,450.6810123594853,509.2766441470412,501.78425160234315,473.904732460756,457.10097392813503,512.5639021219279,459.72297935086317,471.82380441497,437.9956648055115,437.75944242312994,523.1612087724438,512.0565636569814,503.6098559272271,478.275556090163,427.8564742645855,480.20282091286094,481.5730740840727,466.60512636803145,486.99628668270566,522.7720121112495,450.3917557367239,474.59188268638775,436.01652490633313,482.20195396978005,458.52730554828,468.68986244293797,441.06374587440365,443.87560481252024,388.57510538368854,462.86996867358835,451.81322851568194,466.32778733476846,460.89634205542916,480.7264901402515,511.4905279829566,436.3258658666832,483.0532761386409,432.97824528254864,449.82917922963304,458.71252546121485,484.9401065695745,425.21951051588945,422.6818341923807,462.5333316953048,370.5476062147646,490.8423599447272,480.90025923300595,459.5982296598022,481.94434400936643,404.81450727856225,479.45987633830623,478.98762510629547,407.0356913393283,463.4101564558344,448.80926370855,402.04301372280185,452.7102470838207,474.6090797956636,395.2597394282583,477.4715142059106,494.2531372864705,421.91963219020136,415.3556425517786,489.1934620932787,445.83049264414444,491.7111582072796,458.1796813398672,417.95441436249286,420.8189117757382,517.100133470963,405.100402617932,444.66904572442,430.84126930135614,397.03862707008983,472.2935959922917,429.37435046755684,473.73186274687697,453.71603258209313,475.233349507797,389.36237172551796,447.91370302246827,485.1164265263699,442.72096901409145,449.4830985399622,423.75092236414065,453.72473777239696,426.2391039418577,451.0543558470674,431.9731173131467,491.8596131336275,487.2093729942513,426.11342552533506,531.9893371784656,469.0792568074759,470.13537015391705,504.0176626909793,474.2108484422655,435.6488736437496,410.0986043897441,351.30979111245586,522.7136675663979,467.3601014054893,471.00037148248646,478.1164979000924,443.9899310331456,475.41994304260174,419.2109528669429,465.21730824692423,484.5891654905849,433.3181066983206,547.7676206994278,419.95619324164403,478.2461134511247,460.41030883744713,503.4160961894479,452.7501463522657,432.11248101562165,487.76390770355147,437.27182434099075,486.41545975552395,422.2904058106146,440.1531543704494,433.8293194848927,418.1924058246392,422.4703987867849,506.26944359760563,525.9507617757754,405.14640998230703,499.2568300362651,474.8143405321441,461.9139483662224,419.2061389375455,494.33757254972835,406.204258283027,455.96074100494013,438.20353141674116,454.19542846219736,502.3855431562994,401.7857270635664,421.39862025118384,448.64935966627036,492.36432053942906,478.3963251148617,515.154690550287,466.52131889667095,471.5817980097036,442.56219599009785,375.8973592941374,509.21354372529885,470.43762759571405,459.182962610588,436.73221145480534,508.65034978172287,415.7769637693278,426.1823034536661,447.11413054884156,478.24292872986075,454.17736607558703,481.21666579996685,485.7960815865635,454.01229799528454,499.23697733758286,422.28322790027346,448.0634548256085,461.0337882263828,486.0540412067965,503.798051754011,439.7446738354262,469.6085897833533,431.1017697514933,452.5261343288721,475.82760209387806,478.1802617658586,468.6931124769356,443.08535067634824,458.7234255903094,448.02131365920224,464.3541373905518,447.05933126078077,441.4062848618757,444.3582249376005,468.26752298616617,441.3896779252097,425.3437333702205,485.4824860815246,436.3194376889498,444.97338264179734,439.6329170822424
42,clear_h2he,0.0969412699341774,535.8372025323682,462.4554193992369,538.8640117456865,420.8432821286567,474.7142085365846,472.2583326442065,517.4445259031412,520.90770430609,510.33580112452637,442.40759925521195,507.6792782352714,497.2931024271786,432.93241214891805,420.92879406655044,511.83190198624413,475.25547784065185,441.86867318081204,472.7199295096596,488.8765407066216,475.3681477924497,432.1635030498893,533.7609534389884,508.3076097047958,469.3065031245132,470.7856315696155,490.1908031710563,446.3484200074756,489.04908142550323,440.25916738258087,477.24976513028366,444.7918530169226,446.15695843553635,527.429480472381,480.6079731790483,484.87037850963094,419.420139456393,460.9229603983884,491.88675169167215,483.7657905207419,414.3127660799081,483.51280859863795,487.8970959831684,514.6621628078807,457.4266877711958,410.6873437776445,447.4668433247659,444.7146633440033,498.96412032693047,397.5253632039774,464.547187887968,519.9102424746211,478.25734999157686,504.51026742058576,429.80408713860214,430.98394454494473,520.4708489836859,481.10807429545196,481.13939227788353,445.1347316951817,480.9832538073768,444.21736231760286,512.850941717083,558.1630113404743,492.0232232900385,459.01756541160813,403.05924334811965,428.03185648684985,523.399051543058,447.29284326443974,466.6667382027059,496.86394518286903,521.1804666938252,471.59864802398283,465.4808350797324,479.4038853190879,458.6894009091407,460.13369228278594,489.0073969251898,482.17751183403345,539.334903588056,489.34163457222166,510.18653009385287,444.63569964259534,491.5683696745041,454.7698014247828,487.6953046610209,496.3516906124243,477.60576304549,547.1159340197361,518.3914645384244,511.14021787928954,499.1227374821234,528.6894045820776,434.5937853048809,517.3961237416388,447.98175803546576,460.6643237233634,493.9097591258516,513.7733450625965,443.5544547137705,462.48236656171434,480.48669660273623,472.1559385126958,502.8134645325121,578.8569521826806,490.0361385681589,456.0446015776055,439.5185013448431,468.1200415032856,450.0099398845946,491.4643290008546,491.00541766211694,464.05383317472166,536.1416657824768,456.0316940810658,474.1693260261052,496.5054592237627,503.9502222688708,515.3005756575491,490.2956293927805,508.6219343480362,458.08826629744897,504.7066208928669,504.311580241443,522.2182256715412,428.53598229368043,450.9509307603754,501.9021961353982,399.5867324008621,492.14811340797485,508.8665776956713,460.68447786991806,464.9877725070775,446.024047125444,462.29483785261215,463.1468577117805,457.5426102551605,455.9265809677819,469.66751426182833,469.3100384565153,532.8330897441019,466.0367684462832,487.7774615903408,460.65470648110545,460.27931646634084,427.45150072947496,431.36709856612185,442.09569453438974,483.0466015027173,509.3264824336475,425.02350998825176,461.46592693192446,437.3828902779196,469.85076247338156,509.3103507834118,464.4719885989345,476.23134844353063,520.4819895810713,491.11292718060093,455.2459436819515,482.30727944546777,453.258155716939,490.00830015126826,492.8009428321668,437.36627903394447,482.78208468040293,474.16166707884275,493.6623922573344,502.10338563343123,491.6815930467245,468.6934250623186,505.10482828569525,451.91139777700954,438.7345378024242,383.52778119614766,475.55355125867885,453.4264095063434,489.33073017554767,419.5707879095387,458.5596442807752,491.46474248054096,447.2906422921476,489.6672328582404,461.2127623751145,476.64891225916506,495.1402599335514,505.67127967059577,480.33748416761273,453.64329988736534,464.1252380024463,496.36921049455526,447.5395321181534,472.36854364982497,466.24860077526597,474.56771633819073,447.8907193022503,423.07651620276044,492.9447938700104,506.0009756338106,424.8356411172963
4969,exotic,0.09620672464370728,567.9196386740418,567.2270980700637,521.0148610260101,476.19456635632145,478.4292680854799,505.4888829002119,495.2912658872662,451.15497866530075,488.0903918169668,493.92154793921816,459.8797630021669,419.34530905156623,484.82164264053085,483.35188050993355,458.2298358480114,531.4751021683818,524.305684229806,526.6361225972436,512.1332690793779,533.21754268864,507.0349400869185,486.0089149073828,471.2765521331991,489.25845706683117,483.9260937455464,451.3717269218354,476.3724472847064,497.3060318863338,499.56853207810747,517.6223075327713,465.25304432879307,518.662726514893,504.701320537334,522.6898359516542,533.3799057207536,517.0216339064791,468.5181153478128,464.855834107624,486.7074037153602,478.35406074699864,434.2466927837779,469.06974140939775,498.4245021424237,477.273345792314,501.26340160132384,483.41642690316297,492.19883787180436,522.6414655977819,501.6391373851837,527.4532655309106,538.462242376191,494.02608909681555,522.6511917554062,461.17780006325114,513.622109227218,444.127062885387,431.751693761908,481.3865398266719,466.49330654197877,464.6659828837747,476.77296800012704,450.7477257130693,475.0640260134022,505.2401360163141,468.796008556997,479.86628643362815,482.4361885234125,525.1128070070806,491.63858405656003,488.80567248512284,458.69659371869506,449.92445940327957,483.28686092943974,503.35836927230093,467.14214992743814,491.20931877367707,483.38903879042175,491.7274249942313,486.167045598411,539.3826118158322,514.7074715636967,502.7439039332592,503.01591139673724,503.56918444497256,466.11411868755437,529.76773153181,519.1212183389835,500.54998374464213,462.5032346459993,458.1147748627994,438.90913224549195,486.98901909495135,491.5804827227595,572.1755726350531,500.90167309145744,529.3549115898804,505.3777038123137,510.4317629396986,508.6208147215405,451.18913246730125,464.42367770346823,493.6854561453563,467.52522023708315,480.90822786390066,492.07194268176175,479.614934446334,476.21166820865193,477.29133612256504,469.09907220221174,498.7737496770609,481.7190253923654,506.4080628096202,536.8998405300314,455.9249292463599,466.4859938726345,467.1145447247099,562.9335681374226,499.38237343461765,454.4900465015681,470.5564885847907,489.828930407314,492.7428371626216,572.538365097313,487.22489347739076,487.18531597841496,521.0098154180447,481.0475747751194,530.3637151655233,497.25790040277434,441.6230584282209,495.90960010073286,455.9425819189033,419.6832407677699,415.85869348138215,494.9432262194317,448.80478292843264,454.4386240445924,526.9449294520327,474.0863010969246,463.63332504255317,509.3954560603438,549.289071166012,523.7304861499499,507.81507814004294,508.6547008905695,513.122105210113,488.6483073118444,477.860093021057,456.78256355970547,455.97890245582875,415.88029329900104,508.4839448073911,495.981260706763,458.6726118847587,474.7433542793178,522.5816897015447,463.3176245179476,527.453465562498,494.22328019232793,517.5781923500413,501.081637468544,514.3498819291189,486.3409704559078,491.07553968516066,438.9429692193501,435.38736717884325,424.0334747364633,415.4160213971685,408.05995332447503,465.5877187975828,510.6267159192213,498.71882465876763,498.19212905032924,519.6056769365545,512.8958183271654,487.6727121884239,522.2088200683924,475.07568085968444,523.0930308174109,457.47521437503826,463.13285923489985,458.37593287114976,443.3430329501835,451.70630320512157,504.30029550986,492.95004190173677,514.3779039272698,534.0562781338758,529.0351684461864,565.4167744618259,514.8900439159064,516.0756087595053,492.1201246511098,504.6365553699264,443.14871610402196,496.5933821239004,492.7373741298029,494.5042743067096,437.4742901765825,476.9155489931606
2887,cloudy,0.09470964223146439,470.8179394777046,505.74366947728504,483.0391734111553,475.33831250470803,484.25738082507087,555.3300379630095,478.5341718541695,481.71034111197224,503.8407503633526,475.2802584192756,483.7601646164273,538.6701875112409,475.5152679198753,524.9789288012835,520.7290952750977,507.04773080959154,517.852147671779,430.67198602363374,479.40439733807784,537.8634502963641,515.8878398067232,544.4060175009623,492.63164910756797,499.3527822192484,478.40161736264025,480.55150820035334,487.60502557959353,493.787354649611,491.1142443409497,479.061453598627,514.3353908456426,532.5806853701,532.3221750007216,451.9922675102624,436.9002190354226,523.0843263980372,531.8103894736489,496.2265247741484,547.7895833645522,504.00198682157577,485.8110004730344,502.6852757648001,439.4769861946985,463.8353998191792,494.78963767874933,450.3121818537482,512.0772898222136,479.3203949489959,496.9654770617404,480.93619035681655,547.8561287529355,466.59881396339233,516.4851172848255,499.82227640118214,503.32099767805073,497.6667501577838,534.1956682539902,472.77182042000607,498.5275970534754,503.0224047875459,519.1325975411753,474.00146133011407,542.283458076808,477.17642796871195,553.4895826281188,527.8260160410018,528.6101248202903,471.63627546558007,493.0460158866663,518.786385645486,511.0228001004081,484.796996808414,507.0694947198061,519.1607772260039,488.13013848072717,436.3033035296131,448.0654490650946,510.52397746770134,515.2630196156209,491.60710070376774,538.5503723056426,476.24021376031993,461.85084534793367,472.7431882449481,414.8901510218668,484.53859682773134,541.91073959863,505.9798447257653,510.8648643328262,519.4274873829809,509.11882320753176,480.6432577253368,528.2123335526884,490.7087749170699,454.85666935906755,460.32082268309637,483.566604311668,432.29021537134054,545.8654157154047,466.2489859613799,494.0963196965363,468.65302070795576,520.9493417014852,499.7635376096151,501.28573701252503,522.7023430096539,497.15419678520095,477.3926434405191,493.3712798876769,476.2305008197281,522.8389113320478,505.30043908921033,502.8437565844436,515.6043935650398,435.907585547789,544.1742974887209,522.9724278790242,468.0859724830732,555.6929599372239,536.6954841695504,488.1700732805613,521.3028461712627,500.94759247119833,472.0112847114916,461.1575391390876,539.7044115520818,486.0167809605248,478.1449368735666,505.2588230103244,459.3743231844219,512.3719366981574,435.3030840306381,523.8540006519156,484.49607085288756,549.9735689681395,421.92576800638886,450.2569358661957,501.24962716970634,475.24947898597543,513.8574055489496,512.8098601427092,514.1097560052235,550.8738910994053,470.7005125631364,498.61920358035803,510.1275850575396,457.32317433492045,483.72174876575053,499.34185356964554,492.44408538680506,460.8221067361107,453.24634726835944,480.38653124597903,484.07323481635353,483.1065129748035,535.0892294408654,569.8315367996629,557.5666017569577,493.2902199264756,525.7335459640062,522.616474471892,504.87612900793613,517.6924349185801,509.5473113683481,477.05362425343975,502.79397806442194,523.1452184654959,478.41521171492127,521.850655536814,499.5622755891615,526.7301785881483,500.9208072684594,483.08624374645444,497.2278776808157,562.2678620566829,460.27923362342915,457.9355823348807,528.857082108529,466.30555646516495,449.2595815123487,480.52274948879375,475.25343942556606,454.01105786719097,522.0822641189257,488.93174328920776,499.2014411253278,449.37515785628386,470.02265277118823,495.98843583116616,494.7864042772132,498.854232282256,495.60652970435865,448.11154716694284,526.1820430307185,486.67818559246126,547.376171404373,452.08054690462643,468.91104865076466,505.69278615674256,503.96342185655436
4636,co2_dom,0.010830823332071304,306.56751399885195,299.12437529961016,299.18962971172846,271.84882837816747,292.77103807325364,300.3789346524525,286.88420585458084,299.9480548798618,296.0947535797736,265.67478700515943,274.12498927823134,283.10089413128037,277.3571545307662,275.50439097491574,257.0948031910841,275.3458159926076,274.90861318795504,281.97860018348354,267.66114881212883,300.2385186335308,262.11503955999694,262.3197921255815,252.27193010943978,277.2415864488544,281.0362791873668,252.16521750686465,272.06651544023094,254.18875659151115,239.41192258318253,259.66246312638077,278.957976088835,265.4392944989713,270.4455219239494,267.5997291992677,275.48145738809706,252.36916344779232,270.9972193646345,255.31529380464139,270.2724115279887,284.86656117360855,256.260665363804,264.3269350507001,267.30708716884214,263.35932666912015,263.91172153286004,262.42890847626285,262.6594552854973,273.16243316749717,269.0556577297182,250.35206557622936,256.64384558663505,260.22299825459964,264.9284588121897,280.81960771878914,263.7610620599233,266.50855412433964,262.98435279354686,269.2199459779146,251.2600538164338,244.29741539691202,255.08696437479267,261.99423809797906,248.00948796228084,271.60823485187274,261.68191390731533,268.20475771990283,263.45766974127065,267.98070057292153,265.9990817358746,245.76392873575867,279.9046241025194,258.70184682015866,249.36730115726542,269.94454697198756,273.83496622866545,250.51753575166492,246.66530499933793,250.2060326454681,262.30247896102435,265.46774787404263,256.2511629308521,243.2398235939882,247.87068036454392,255.46311210370155,256.9971710233875,269.04587572250125,249.09571020098005,245.31333820350252,268.33286028913113,254.57491491847335,274.35409217242426,288.6412459374595,287.19099974248917,271.2474420550493,263.2391023412592,277.3322429318621,251.42799118674424,273.2179697039654,264.14778248987926,262.03790704359204,269.1073600041161,271.58588417708285,272.97382708721966,253.42010937720494,278.74011092850236,268.1204532787205,245.06169206738124,262.7185064570697,272.7174387564774,272.7724663886531,257.73114052199134,242.3155253739861,241.6917860074041,280.2499624403654,264.58173481508544,270.12072439120715,271.13534194348557,250.06493681526825,250.09967766705716,250.15899001853674,258.3055105535337,256.27784281725263,271.29214220846336,249.954116775959,267.50619820381763,280.28564280294114,239.89302277934152,250.0902862413587,262.7347080853906,249.3811353630061,267.4408278207571,270.4090596583086,246.45603633958257,252.02375290026148,246.88170238582322,235.3291454231632,256.23371996772204,253.79926695123604,262.1026912314102,270.2183738569341,249.0854777583244,255.8390460313481,254.4980506167299,255.17727598576414,271.83769869112473,240.44492702311675,250.65006621070333,252.2629227793176,250.44359583216738,260.4189205685107,236.1215342735064,272.2410683684661,267.31042866436076,239.5551493638827,227.36758319912062,239.03745714395296,249.54641582393566,262.195701520369,250.73929537873553,259.21787618398685,282.3440086901881,232.4920279749124,253.20390839157278,262.7075458500379,263.4049116457019,244.74773679862196,243.66745610698047,263.22008611841477,264.5834454712681,257.8734196514799,276.4628294964199,280.66319432877077,244.68091176876874,259.77426951382677,273.1073998140109,253.10540150556824,251.56777998010645,250.57179266926252,255.57974384495535,262.86267746548725,261.05276899727136,266.0645715239052,268.5627737460498,248.75176885016467,259.8747940047863,259.8425014920928,240.90604786997744,267.1160116899437,261.6439124683891,264.1693403939861,266.5357092895601,260.1560623001772,260.96069316923865,280.40775084486705,271.42568633229956,261.9706679853239,261.5335744136533,258.36527179529264,272.62262937992466,245.92542893944233
4521,co2_dom,0.04895344749093056,554.4529635000285,533.5566562570042,503.411861124576,500.13734288119286,508.91497049755515,525.2760362635746,545.9816873214367,518.1158255865604,518.4994710854728,523.2610275123025,530.8239785310103,525.7051218059257,502.79822502939044,512.9719518362723,520.8287510676547,497.8862407837105,490.78709905873006,512.4009552654702,471.4376399554616,500.61328778698663,513.3715816924832,526.2795600734315,501.40279539389275,536.6057686330072,472.7053318648651,504.6826548462522,498.5965511783031,506.7774043344202,506.3918528490301,508.00512645553357,534.2552739921389,507.03259171061904,504.94839044724785,474.9160783167366,519.1652381742166,479.6644690967305,487.37925893962205,513.4808120958813,500.1699686766739,507.20353724656036,490.8276231573623,504.75163690592825,482.4158780157339,521.3687400607276,479.3478991722834,479.6223743093205,508.9284880634159,497.6971232021904,478.2566767708333,487.6738363821232,486.4739692904025,531.1778685434913,523.9060825535755,510.43313754136335,499.0177185928025,513.4281016724619,517.355091806401,511.24611507084074,499.7955820156637,477.0051936338236,522.3373951955012,463.6412068717582,499.2183113734959,495.97247234936236,491.573167470848,484.8469470522211,478.4591928794873,497.11725090969964,473.3779114104926,510.3725661458829,481.3265694344015,497.404783759326,514.825429439748,505.05163011772646,479.64331249890074,490.9401347357269,500.973189195451,483.6981665987857,507.07826369396446,503.0334968821042,481.6896749211923,493.92372592582245,501.14881595199137,492.0394234552604,497.0178697823892,506.73238557791973,496.49602138972443,493.5229650648019,494.8026525641271,495.09034979754705,473.09337516685787,471.25166268760313,441.0275935976384,510.3073340927367,508.7025424625956,499.40016885452536,474.0808668572046,510.9277760453529,469.61552892474924,490.12886053580996,478.20669023206176,454.1819478111377,513.3077020308775,484.9665147052352,491.57445958112646,495.5784525929981,508.2377681403781,462.6894754589969,491.4368863066736,504.59881859458994,494.6669146676318,504.2123430678218,525.8920524824676,521.7750522415649,482.81236533356594,503.1415587780358,473.2616761097053,488.41788724671943,476.09389386739974,512.2122170609705,501.90997288585856,498.59856743205575,513.7419632397018,514.3468794187302,536.5750838530724,471.14228489985277,504.58858436487094,485.77718275074017,510.3221383069175,500.8681883024945,454.6474206627743,512.047955495511,460.7471587442918,490.2668342275679,459.9714287691857,507.521200966205,483.7521350257887,486.57609372275016,503.1135779247373,477.28512898606664,507.50720436385745,477.91943524080716,470.709419149948,518.9577776134877,483.7310721333986,479.80906073921926,522.6832352930052,483.54313557564706,479.41424675927834,479.8554477746824,487.73328802812983,490.37132212143655,498.95012797759716,452.11636639550255,478.9922862638127,492.69944986328437,486.3271261075051,529.0613761747444,493.5406063892732,491.7883814570849,458.84551191259686,467.6523993167099,490.33749958069797,464.00739870046556,506.0582744670991,466.63969450685386,442.88693838460864,496.65972909200445,480.46940127091415,496.1643660086756,513.9218601030133,488.0905001924285,504.9828450379919,474.0482311695603,491.9746841530041,509.5132808616252,499.3579841657059,505.3906941106888,512.506477513739,471.5331495335714,507.1342780688951,507.86870791171424,482.5949224312235,486.8581930509387,513.5522180368039,468.00569660031636,503.5688618114391,511.8522608848534,482.27277400279434,509.03283435604845,518.4784141505831,470.11336056586146,483.73422942409996,501.39710037624985,490.3095139431675,483.28248718051384,484.20720178516063,519.9914777483605,505.5503711511443,483.5773021859638
3963,h2o_rich,0.0277329683303833,132.0925741291193,146.84847046044862,116.52296241661938,153.9923190549805,125.13710950629782,133.39840273521796,114.49950577036006,106.40359010477083,125.06155094124472,117.29351149900555,120.90886558038196,138.16328811407882,126.0471892223682,119.2426890668327,106.87848698370202,147.374945260662,133.18677666328423,120.45980313689046,110.60686239710634,108.68112467560164,130.15906677706428,106.64409121120303,128.66386483143768,133.7460249312369,105.67877931789646,124.94539085308656,121.30141950662143,125.74167642819069,121.17505105023359,113.55320216954605,123.53793892439339,123.86508719113613,113.94131562241115,128.27895012028753,117.77794658382932,128.65781229738442,120.24763777791426,124.67011335163832,109.28669112417165,102.77376596749087,121.43094393447223,104.18382836531877,108.26911376594879,109.86745255242874,104.06877290027037,122.52395683197825,97.10410766178653,100.18520665701392,110.25081827432597,117.4125660412874,134.8379147773023,114.22497638183843,110.02754349956801,108.72436985896785,141.77053924355374,119.64604587978907,113.20919769326643,119.79796274400765,76.66480407155399,144.7056343840922,126.83045073680495,140.09798020013727,99.7215221448605,122.84554855896654,116.30174620763646,106.44517683177374,106.90307584638411,117.83054026207931,117.1454078648348,113.30809758871746,115.11077928084853,92.68584546965498,122.77126265142314,128.35968695324,124.03534208796783,118.63354073758552,138.92550658309452,89.88165661458666,117.38738170450709,114.81473835273403,108.5678201215136,123.62352867627654,120.68591826801247,128.416370160645,118.26527459366639,113.65959478021968,121.33358326248937,86.18090855994292,118.86094984825085,83.61636401825288,148.1331371329641,117.86705765443688,97.18968552527144,96.52048847794693,117.56410412381264,137.89876029964395,106.44716247329968,91.32553468772608,130.93253213728585,113.84785170711642,126.10134781442017,95.64470289384047,116.63544710869095,131.8786685957552,135.27135755113756,139.7246364758891,114.22686375307127,112.45962423812907,132.1704758127664,137.1390445614735,120.78595240967947,92.54550165322442,97.99029898050779,114.13480513183316,104.89509354651918,121.44113570765441,124.29699247397173,131.03391213157107,114.13853054547157,104.59015388647049,107.48401867501562,126.34268793613913,110.06011880493185,107.74493419948303,129.64182702940295,115.4091611134442,80.43142053931882,105.83208979991156,115.0739740882205,105.93135153419655,115.86993992521903,118.67050175461465,104.84872663354189,117.62215589939528,122.17783740950182,110.6170445894895,145.21595163569577,102.26208479339181,111.91496979816361,99.99312817514567,92.43551739797834,125.23776835720031,119.50187772097901,127.09224012324304,109.80241262832384,118.01872028851794,97.72954388338646,85.7497650842274,125.98278838769892,131.99522328199802,115.68386417503906,99.42731307719478,92.30997117884966,130.30444010153766,112.15390281450962,113.76424060512028,109.79465846632759,120.54672651748642,105.94475037271376,115.99762136252548,100.57820604460184,114.64265874167218,119.96805965714353,133.4378738665101,106.55709146153275,114.17312204769485,113.49211838766627,126.9549719816715,96.56829090949716,96.77806680198555,142.7766249013387,111.3534462520687,115.39845201439844,102.70617552907541,97.23667632385126,126.1663375022498,132.11895438370706,105.88753127406684,111.41991369416974,123.88647149463341,100.71474327032206,123.75378456474736,127.85866439101818,119.32867803530027,119.30326927115158,135.08029274006265,117.7345619567989,122.78216215238079,106.86110509641173,111.63616843585655,77.47057093112639,147.52678158611386,134.7658423705155,105.53787047153413,129.2055658076598,129.65879603979099,115.64113073830181,89.9125442908006,122.30155384014279,118.45131744297124
300,clear_h2he,0.055989429354667664,300.8193751383937,303.94885580466774,314.01392415647945,266.68479725466966,277.7236579833061,304.2393555464642,291.21027362297116,311.3289651447313,300.28620551071833,259.2544702787744,191.56266284852342,281.7235764690404,248.1291327473928,286.91350917722826,313.5382913548781,244.49575825356538,286.4522046251267,290.97112735559955,276.31763109383695,274.97682025183695,212.23194150859445,267.12905412965904,264.90001328278606,291.9645945229723,289.3450757201852,251.01728223022178,214.73249650151197,222.17241473012044,299.37426172416724,260.57978740968696,224.81391872483562,227.65042459991653,267.4165912802834,264.24451584211124,303.5768844102467,258.4238706282613,270.1714374576159,258.81499529291983,280.7552984367545,304.7734292206747,283.4224167811583,309.6781894635197,272.5019492874894,217.35741042169957,236.87935103681932,279.24357843209293,251.71122489622658,257.9188831134574,236.8843013444728,295.0691640379257,297.25964535803666,251.7220732812883,251.90441374700802,290.4369649092113,284.43002376488744,215.19011684914642,274.783545432898,269.94671540327306,261.86745357483403,234.278961026671,234.7425592097668,176.70742701494623,239.68718170009063,205.63133471151238,242.46057702278253,266.71704760438695,226.06211174378137,290.528568944423,306.543008852659,262.02714536539025,271.50837409285305,213.85056594343448,260.25428763220606,219.0642882785944,210.6625262432079,222.3198445114375,250.8588679784307,253.61734436034303,252.61458281960697,224.26881147006276,256.9227720397574,236.08548609814798,257.2628315615947,247.75746238353688,207.22922948704883,236.2167273522702,267.82433443088536,275.4560549450227,222.0225575379186,234.17834638994205,242.45653194566265,284.3795898238446,266.35253056666176,221.29185769616475,267.1903006221374,287.37295165316397,260.3035426073155,234.7998304944623,276.82613782144233,259.7795940231169,248.6246078027553,278.2064774303243,255.085169532449,257.3102658428845,277.47713648426384,242.3378485530054,225.42394039348147,263.7056042889,295.5243101682365,196.5542636906866,274.2523789789387,256.20165854709796,241.4996200311085,238.59453091309254,278.6079467508797,272.83727353922944,228.47579337656592,263.12647780958997,290.69833143113976,273.2561109364954,212.1474604100418,271.911406288424,222.9921259363242,260.8416551159504,235.88668400836724,265.5903846634284,237.88557308541866,228.14919016446717,263.3068684813405,258.14626614503806,276.3830247295774,241.4551280624081,216.0387311339227,272.6044597257302,292.51129043626486,240.20345262346993,267.68197513856416,247.06669851197833,305.0348983989139,241.5231107776887,253.91299974764294,202.86536742616485,295.7300397223651,241.2860839014587,288.62725745431055,237.77038171481763,253.04320262409948,234.88872717950602,230.92521569874353,247.49383148623005,251.48361710703543,245.6329044801379,215.74028688723521,262.3778821909519,204.49932416480618,246.3150690797287,214.2137992171681,278.29350471360465,286.86187839046653,270.3201964709597,242.72554068365838,235.86946295909235,248.46878553026636,253.6028209054249,267.483913621147,265.29129755058733,202.3579843644943,272.11336856284646,264.967469825262,234.80794789324145,230.00915732246477,256.5913576353958,259.6488759263658,226.52768404631263,256.4979727853869,259.75687734319337,277.15366168323703,252.11876554766457,202.59729486906446,261.49337303832027,211.3075886240173,233.0230055316831,220.08425531301197,267.73301223120353,226.91594720400954,280.7865302527171,225.05900935962995,202.9550842725157,245.97980825744457,220.6632933818218,288.97393018807077,237.40869593527162,284.7765027605274,247.05754674502654,264.15923991521095,241.2826148809632,316.36197141915517,225.27748996084705,176.10871392513144,261.67318803762066
882,clear_h2he,0.041739657521247864,442.2375901761677,398.63863267508714,414.6690273050371,441.0432556784947,426.3658858138028,402.2999059418032,409.5975378644305,432.70374329065396,438.5311554929025,406.8433157813602,401.10768069243346,433.7492560103539,435.8467392327961,392.54944416029383,353.6046207434015,398.59190835045337,412.946878752557,380.0427638937758,412.5884998572363,425.7177802138449,451.81892112057375,392.8023993632759,395.3459464148918,425.9220438925308,414.76596482019795,407.5057987299387,406.6308271193194,358.66966338774535,366.845319305513,427.59584499653454,399.71884084114436,382.79659692167075,371.60140739045545,390.2212653756247,418.0407924605693,422.81124026382514,365.85891583626494,391.0983884580455,423.1521889924295,425.0208785187138,399.48838034085384,384.1543167919746,407.07286302078523,380.45620256988315,406.86293226018694,432.05925173078253,428.33946985664534,381.38157165624506,400.231598398467,439.97630772858105,427.2724101252664,376.6841827051367,417.4021053793039,398.03806803585485,390.4151793444548,439.60535701701946,444.1023836267773,372.59292417004684,426.3699053154181,456.4155596611243,425.34049322552687,368.514097262502,413.6678408756845,400.4079689133431,370.51183841083093,405.26396473953895,383.16486984348273,411.8292015763499,415.8826708003272,381.34521428614477,416.3890663358686,390.68998425985205,396.0683362501511,434.02905493187455,359.9623294195676,408.62770511674074,379.396107806959,387.31589461261393,414.70548087538816,409.71012945605855,383.7726056542023,373.99169780396136,401.0098542524359,437.12741570745095,386.76568595919923,418.9179748620557,398.2783625934526,394.4611687454188,406.19645291822593,395.73855966854586,408.74542950602745,371.9557524606254,379.15335237810893,412.83317513818736,412.16893582717387,391.1389061455582,412.9206405668122,425.8856792332691,367.5807983375752,410.50930012764815,393.82760548337785,393.85735018813654,450.00324005488886,400.4972942319487,424.8429387916649,404.6580644085655,391.71317141109813,383.46976257604035,413.771802946442,400.41136937395606,442.32339477003444,401.54970402432735,384.51996176469294,421.8444241828408,403.53376888088405,406.67069969847233,411.1591317566181,364.1964667229901,444.52644347828675,425.43002487801726,404.82109985191664,422.26851603195126,391.15733136304493,422.386908744363,406.2029764424716,377.7565313338022,392.11088941426055,395.7450753562614,382.5680876949368,439.32877408063473,432.9515995935105,383.8862984834078,384.4902529859356,392.91855532736304,397.8781952137417,356.4186062506186,399.36211018516315,433.76002777171425,407.99560001325926,374.58481085709275,370.9820286001969,444.13832457183065,423.69511446639825,413.4350384664017,443.13653854299815,407.5374746671003,435.40683277687225,439.78469648436544,414.01950659321636,420.91813288136893,406.119616409457,399.5592248517297,394.91643583733776,400.64914715056796,399.2403271528839,401.6008305266363,400.2686472925705,402.7368023124249,431.7508517133349,364.82518563723625,393.23530416119553,424.1068509769421,431.057402970671,401.4372324692352,389.62090578051186,358.8964753051275,364.3487717971529,404.84503073964413,433.25669177759534,384.2764537054361,410.1268896758189,407.6795001843154,407.9224458902485,424.25815264172167,415.16455923056327,463.2575280370777,370.76495349595007,404.42701861444374,388.3735674518964,421.035357506766,400.90063709914125,393.45191707832583,415.43038634370794,419.03893173717,411.1652749817116,412.89888706453377,377.4969802060124,398.8969254053282,352.8838122870915,409.06891611126355,386.3640942246211,372.9928333220548,398.92301508805934,381.56757466846034,401.1527881260227,417.29401428760906,415.8620772707375,419.4624072987916,421.330993901554,404.4121001531775
1853,clear_h2he,0.034508299082517624,253.1365353729443,229.48372409914873,230.00063637383252,224.66971612336278,247.22327166507807,230.4479153628632,230.7670721326675,224.5319365490063,238.00432773438035,246.48874965398085,253.62216280667718,229.4541646118109,259.7337378874661,213.72686512105759,241.1438273246631,186.79380508964917,261.69914707334243,223.32431402462953,227.1128342685056,208.66520496937963,236.7666489162195,238.38782488400537,220.79407171967986,203.09511147425508,214.77658331503937,233.7356104804529,248.00044599287858,231.073770169529,243.53009505919172,248.75333271142665,232.78617941869027,174.04579717463676,195.66886814577285,203.98190045827027,234.8480056664242,260.74616469884677,255.7347398087704,200.69975300921948,239.72393625484452,206.5384710358518,268.23584503651807,213.5961737670723,222.0600703955351,252.91844499306438,249.36717606268405,188.27119148372694,224.9005847481475,207.06829679105758,196.5208506038675,222.78781872104832,250.43107810353558,234.9361162874419,238.4424612241901,213.55358095966372,230.97370894225816,218.1917655189188,195.05116525714143,213.7786134584844,225.1254832960456,239.9508528196819,241.63863785562134,241.56791577855364,263.17044832825263,230.24274856402636,231.44322602851062,231.5222078768344,272.4250754653485,255.02559419556124,240.86573950182853,224.76282663712558,232.6807873033493,207.61717842410982,195.95200326911714,241.41493902555644,259.98694323723976,215.7881987875919,214.38189438260446,211.78588037022317,163.2123233417356,256.53698700395375,241.0134013729036,271.0723269927594,236.57591590971822,252.2316178963944,228.92446456912836,212.65811182691448,251.91703149467463,252.81723244185454,239.61575612025197,240.56489568511037,246.32258220928276,206.37269079485793,245.83156561274788,232.1829446220196,228.24884316238948,284.24299002889455,249.89709956776545,242.93216174396665,216.81070825107517,204.14701896205165,222.57231499218767,244.5658388897057,215.00776107470506,188.9011341575012,266.4424518535195,243.74512139720457,224.41231891500655,230.1218914136358,235.0043799737768,210.56410076185105,213.10958876752056,191.19179706247112,215.83721325149708,230.74956754405554,229.8543200168782,229.32212742615204,237.56871556986113,244.23260087851088,213.04601474103418,186.16182216373124,219.94759770777205,254.42744082653854,226.87380859909504,242.79217595499583,192.23539348949924,237.68599100321768,204.03544874360284,246.77981608931702,233.70876899718164,221.42056770221748,210.16529911204012,226.16475637486,230.25585157401247,230.49788791035482,233.74378035658816,231.1973831761129,258.21414194533764,229.84584049218415,239.90581746501744,275.6148518767547,220.10031009061782,224.43432984497264,207.10176454848096,265.7274035391605,256.8867665913904,221.39770198503854,221.2885376544707,204.29625663129625,234.387678492064,226.96733784071452,215.38269430252208,220.3891096632086,267.4422835189086,247.36858306599675,225.83881974186136,264.1777816074883,215.58032848416445,244.4086423943091,221.79510003658416,197.06966881597202,236.3899542812205,238.54858775515726,236.7021367711319,232.683915613807,224.70679387188918,189.2722183624016,252.60473002263691,218.24908751929974,230.29259439008118,237.58996750551592,208.7079399264152,228.21422312734362,211.6405528261321,241.99459069611206,203.47552028332217,228.6187661296389,212.13186591590463,194.92299921339077,214.52798103985305,240.27381176741133,224.58667962336312,195.02495374331903,259.3449678162143,243.43674094303438,183.04931282367895,249.18749038560284,229.57146936531095,272.4528336351807,240.9746565392743,224.42651467434897,217.9532929036072,195.07546844789408,222.95233543352845,229.76102221625877,205.6490918041987,225.45725082431028,236.0766537544471,200.49827719065283,212.62679918666797,227.46769876687756
1613,clear_h2he,0.056391313672065735,303.98561526597547,306.3274237016665,240.26711918342642,259.35403481726917,247.80043100773875,262.53466354273263,230.1690505306058,250.63512961998006,291.8886932377485,277.6531482473829,237.31080668807516,230.77568132992698,302.73604236828675,272.7101611067351,268.267512917968,201.7310596410793,217.8566684336945,256.8052093977033,197.88806969875978,262.9155862953248,200.1048640895463,265.95559430092726,236.38287332142235,246.88190935161958,240.9130983293042,231.38020025094187,292.8758235656064,242.80472641431572,242.46586869473995,261.5206565161348,289.29646276800685,258.15359914828974,258.5744027628892,265.5291704345971,317.02686553649227,258.8294521038947,292.37043775641445,218.85329980774839,237.98466223307503,267.65857126218157,306.4680079172689,258.68870362430033,251.7920436374336,249.4285376657096,256.6731740247273,240.13678289241932,258.74880300653535,256.4486287498127,235.76394783307433,237.36048867252566,212.44297351860473,236.00883005553047,268.3689180842707,255.4706372411072,236.29491087518124,208.01519445667208,248.47595389674467,184.86600618710122,202.2490853143074,238.27954155490846,238.38611496429957,254.53978154093116,251.4149875658123,237.5801538608754,231.15724971125033,253.73711564106858,251.3163345712391,261.19747935799086,274.99321441034095,260.2603587718485,245.9910509949861,235.44357906921937,244.19707487393896,238.8970046588625,268.9132181374146,212.97430437795893,288.24240993181724,252.83393414619297,289.3684203993665,252.8119962353149,164.43760878920608,236.45218919329832,253.74429068712897,247.826842341306,214.32544228004372,220.03520739895598,228.2579271210676,261.2246966542983,267.24941445825124,237.39885725052142,235.48950128493615,206.20911193951798,228.02472697269346,241.89872847104058,200.94710955316413,248.02721443593543,279.857083063942,263.2307692811682,205.96835028434225,219.42758842683483,269.4415069533486,255.78156102895022,244.0399296462017,217.06315604504758,255.8140877075805,221.7719192188143,195.04096656623176,250.60610782410515,308.0686493536047,273.4502942098762,254.37955912491418,255.65931533787978,238.29906384096128,226.76955531752284,230.6901386035144,294.8266653173075,204.3360222725573,242.92676343521106,252.8761570336457,255.42673216042692,238.89248502758642,262.2793549127099,286.35495812624185,282.23183563310494,304.87053818643716,253.14322402380336,228.24532902949375,290.6849817991676,259.3061019100353,212.70272114557315,295.0726495199409,238.39052813427853,217.99899671976198,252.52258708294033,224.33081978947126,251.0543101525614,275.80941875346883,234.9691163865263,230.61456854287994,246.84436518718502,232.252276017176,199.92619283952638,217.9214947509782,267.7775263444424,240.89163238369025,263.3023078002037,234.77866202056902,272.40302976118267,227.23371940968212,207.8237843469252,254.98935882450704,252.79062789950493,267.2236632912856,256.5739861461089,236.05904810537805,185.74975286604067,224.47503199690112,270.2979515391668,268.09065591036557,233.84974729764988,269.1675131111962,295.9381116635357,319.1854892514121,291.83662048423196,224.98707794945142,259.0876115510586,261.2851698769604,284.21739344177763,282.87576597640594,282.5047424961649,229.94585681237805,274.27563660662776,238.88798693612821,235.52210447157236,239.31423229085422,267.45078559439713,309.68561943349914,290.8678136866682,283.4759924858662,249.55256932051458,241.81255183497143,259.9495214021706,246.9751191558016,241.95714182666296,251.40893650578235,229.23256845041084,232.51182194606906,202.397632589953,232.45795735538155,236.00102096237927,208.94956723215145,256.70722425599837,197.93997318371217,214.9021370207911,291.7672996020608,231.40545366214806,268.854572602736,294.9745857786637,263.6860784416557,221.22892206442333
187,clear_h2he,0.019160188734531403,367.53197176156215,387.0049919682962,390.2400315248337,322.28076337998266,372.5174929711047,349.39826821488396,360.9301574608843,363.8572879776196,362.5991484854576,366.41824186844656,340.9955899010123,334.34573516301674,368.33520043739236,334.77968630657847,378.1429590252495,335.3268931647859,340.8411505824821,343.2899065605095,321.0902387017001,320.8192709127079,360.0735151482211,317.82510160960857,386.0959701763084,344.25258450006766,329.33990601089846,352.67965394703094,306.344642649424,340.47271397497417,342.42817613773315,325.258486206287,335.32278435903885,369.86365473137414,348.1518106455144,351.49012853180676,332.2865957950763,323.51456676114475,340.74403386110885,304.94776075734484,326.6250252840209,323.92884349609335,311.106871645685,354.1342638609813,341.4719400461387,333.52223680371003,354.22162194620296,317.0225873007333,321.9002667807269,361.5196120124089,380.3154705135582,354.742581619942,351.41009281889063,334.55189520248837,334.972347315996,347.6365771462276,366.0597344170844,350.85065795082477,359.3748420139881,329.23098768979423,353.82952356538703,333.07922911047143,346.06043874368146,353.6363937953244,335.13036468102405,327.24745596054726,349.34463744093256,341.28580559615955,345.58129406204785,353.9040805805023,364.30665134780907,353.912339383215,351.74993813979495,335.0972742623243,337.48507159420825,350.26632971187263,337.0148989244265,349.96618034853776,329.49217872413635,373.46784304699395,345.44468681104723,344.2636502480107,334.33692744761106,372.73340049039416,321.7725451971,330.55617366459785,355.53467116504805,345.6590695525011,332.55460559995925,333.05436563778363,337.24832092098615,343.6443812637372,367.06507358224945,351.93232616965565,358.76860439750493,335.46656431123716,350.85341685794936,317.69973781306373,345.72304174967445,344.7959626730657,372.26386187478283,368.1084086170968,338.99949316788025,330.0840722520269,330.5773486279289,338.5750905390435,364.2620067601328,350.03798593067415,351.71510389634165,356.4416298488046,327.4414910564934,332.0300480993519,351.788385880914,330.9144006985887,318.9037689470032,326.03549051012794,360.3735382661727,337.41794998095406,347.05643889739633,326.83306626108435,349.519382261323,339.08810870613604,350.5878975948657,335.736222332177,351.5165041245696,334.9420031719245,342.1176900613525,339.0404934490969,343.8256351713133,347.8862606842551,335.4471163823639,341.47566746841767,346.3925967803968,351.5521584796574,342.169527445606,329.1360951552682,344.77787986324284,354.1588544770882,321.9628483450322,322.1487150605808,332.74086101585397,340.28997737084745,308.07632241473476,352.6028470820273,340.4430881924363,305.5944515931778,325.4857463058016,338.54206576299316,314.8876094490023,358.9643047373164,346.3707807582285,354.26533366900054,326.8305967624399,349.9755220739094,332.7479339561124,340.27008411127815,349.0315886115312,342.23496480459477,356.3505695624736,345.59377999377983,335.9158674348344,356.9015038238762,360.2875586964881,344.7628753756362,364.82465593163766,339.57020361544005,341.29693568746416,343.4223238687151,341.2654419973207,338.3602082961339,331.86243174662627,327.374152636206,345.1280806272597,362.603973948385,356.43046720022,349.58242345122505,363.4187530381266,343.6541988473471,327.45480198425923,337.72833968013964,342.3683117774768,335.1082546628704,353.14525683165533,358.3747959074399,315.5069005164951,341.00286136038847,296.6887717689872,341.86774688511844,341.68762150538953,371.8806376765549,367.06013971534384,358.31950092337036,327.91458292537476,326.9858282199669,325.7232100936466,367.86714199629654,328.7049982115713,337.13888294605005,328.8756986671386,323.1160115677439,348.6784065714337,345.7972412672383
2639,cloudy,0.02107822336256504,210.74163047219176,209.469969937076,205.56076051201944,199.72089471215332,179.13078647879678,192.53456834031533,182.2792588904568,197.0067050861573,179.21144901958158,196.05815343190284,165.81411516520643,193.20911104479256,171.042103492553,187.53689121468415,168.35399780301276,183.60168497198998,180.61990173169121,194.87275463340958,189.55371711759278,157.95627797023877,165.50561377498911,157.16539171660776,166.699796949799,182.2707887632139,161.80976202633073,178.16996108768453,166.24782739200802,161.41228211626807,152.0612532309933,169.5501841072518,181.20496439362833,173.85991921409007,164.06859099091886,182.64706205219858,165.4351162886909,166.30497677906806,155.28515982894513,157.74193386125208,157.47998257138227,159.81613341384477,146.22304592882412,164.57898238520534,155.11734627258377,158.6416392227378,157.67315923047008,175.48578457460073,154.0791686192159,161.2612583324073,173.17941649151666,161.35527115251094,169.3651057489868,186.78389025871343,145.0339136318082,150.08076540165877,156.77952725251544,140.41860554431162,168.5384416545864,166.67026320030925,171.77225863866414,113.6487970798718,163.5150604715588,176.76258795997293,148.76221018010756,164.27133968992888,140.0465487312793,167.05943140193583,164.43985917062534,171.33201627897284,154.81356498571938,164.4240853851499,144.1359992968129,164.89544829097954,138.41811892945273,164.8759004847048,190.74609391504706,147.8065235484571,170.8518105181438,186.21195258859862,153.23465158377485,157.86141584772656,171.12552035046474,158.76843520091933,158.08244572526334,157.42126096849628,162.32832864037263,123.58654981138072,168.783192053716,175.55714862529788,163.38205188468694,141.18427297909273,144.5281162904524,164.11376305225468,159.26921931236674,155.94434499978695,127.36509755171205,154.73267999703484,148.88565552815365,149.71806342333426,147.841893025631,150.20198917040108,170.82488720939386,156.77289256632832,146.14283315582094,159.32623075630752,145.11776893635107,150.37605182163452,141.08313664302213,145.0319949063054,164.99683853074617,186.9543129324484,155.02400992102827,167.89284174606846,173.6458104385181,140.875444364543,189.75392952192817,158.97842257587394,163.2787588901773,166.3662032693053,162.32903807859248,171.02121734320508,197.88474478426545,158.38808707825876,179.2030660213255,169.76307544121488,171.89917774861067,150.8945941990728,149.3012630695674,163.17045024811827,171.40339066187767,157.8805457067102,157.36091064866488,153.8249513573807,159.76110413817452,138.95840481784845,181.5706746964633,162.80548317490263,171.59419931552168,142.1441846587927,166.96018512323133,143.31722501591636,161.68123965120583,182.96255981324214,147.11420314290535,158.99669095690115,161.5704289288023,156.664971062217,170.3096853966163,152.13826171736972,167.99518357120752,166.46931769990087,169.93998495009242,179.25803169274434,160.52876940709453,155.19988879511203,182.2028548911528,173.86593529352137,145.64025986629673,145.4648893205769,163.26102995846833,151.2383116781336,140.78050278189622,170.16511712919728,139.256309728834,165.36506235677783,155.91280550064636,175.43151835116447,149.63135117807764,178.9920832001385,159.39860797890088,161.83947567490924,165.7778064953253,149.875415738443,146.87530834544222,184.9286352583481,125.43755665031057,142.20052773498367,183.78476479999694,172.82501848314712,172.82423087414355,150.90194734266092,144.75448785746667,167.0437286044474,142.73932162181364,164.89666221338092,148.19672982917473,162.71839692897387,156.98431311413276,175.3575349569785,167.49424892052937,172.2237516856298,159.2056829618863,149.79237948698776,165.87597874490194,162.32018639152366,175.01329736271526,142.7389723719559,165.2683224955714,141.8186869842235,130.8862764069337,167.91982696102193
4642,co2_dom,0.020450405776500702,152.12744565904129,162.29491483854562,154.6728909712137,131.50316909641347,150.28094326861955,157.47396842639714,163.52419752011093,151.63408473423698,170.2069265471168,140.85954939553736,135.10937744048596,162.2353354699675,138.91227249344607,141.22208739015664,145.0516283313233,160.30728117752693,145.64748333661493,159.22767925016137,155.52286967559522,156.80772731768042,149.47282285296578,135.97643114096448,132.48278520410204,121.27333387321394,145.76781331558166,162.3941122830607,155.68332288038266,156.65692875651033,154.47951791863463,159.80308440996046,147.3497937301633,164.55752506167863,143.7898016271746,149.8126663435246,170.17405840578655,148.086138269438,154.9371752440248,165.7095306201173,164.98567209182553,125.93623337401124,137.42392304976056,147.8950920224699,144.27211762081592,142.81880265962553,144.93659867136603,160.414629182814,147.62620946271082,147.0789216263093,129.09333698611374,157.9373980818394,134.78954708745212,153.68716539064616,163.17543329762086,155.46897256045952,165.46750218770677,141.36714113228953,152.79157774689483,160.2933072953928,141.41143773099782,141.56558117628182,146.39592158554578,147.2226276665385,149.42139538995912,152.2086112859227,152.47998104487255,147.52151712969285,140.48848755695602,154.2815929761413,161.02155447295445,162.17111030556632,151.20163908435094,157.92492629930265,152.37036933644276,170.42635453457606,141.32856911579373,167.87967225349192,133.99436156896792,152.73628307890488,153.71204066413148,134.36522423280135,152.87380479548034,139.37982159122708,159.3060394899809,140.20140844905237,154.13259474973418,188.92908103321668,142.7058491308022,131.68208466269044,129.4995602666233,153.1633028768027,153.88574987470417,134.5451624521881,144.35491738307482,138.3118412336361,144.44718544265262,128.1292400205175,164.62109855744805,172.53804675645037,131.1019358120373,146.21531057345481,160.50383173367118,167.15024320297678,153.3592890507817,133.42495672427765,134.30299784662526,136.1180973902933,131.85575450043436,143.39906115706344,144.38391395203288,157.7237377158013,125.22437352656196,159.9497395133854,156.89264604956165,147.39046659083073,157.88785999955996,153.07148477010935,146.54391070747008,146.50471479743183,138.22411954275543,146.2513111009714,161.54865535471959,145.3325151074389,162.5359961600458,168.6084602703183,123.49772140538565,134.06269385917375,148.85257246675866,144.08721247247834,161.3767434762461,143.8090403783737,166.06681913222633,131.86348546075345,133.4244089314253,157.44175235381564,141.06115322426746,163.67893277628968,156.6648628670236,154.145554933828,139.11118084312182,131.63083519995527,119.39377016495177,156.86998934856516,130.77639184454935,136.56726452316155,159.96735349666397,143.73208341706302,146.88104994065694,151.60338673367716,140.28732285099687,162.9618284099066,134.4366277208574,156.36399201957303,131.33946362492335,138.50031170098617,141.48620714695286,147.07549051048275,145.4761024598895,146.95271893091476,156.70671118783733,158.99063114310283,156.48127105534545,160.75864575393763,152.8857676277804,149.15607124528054,154.24356817772562,143.20111700564019,139.19546495226606,156.0476950662954,124.28662271066842,150.55692130417538,138.46661745332295,136.40162476631093,137.8489380492856,155.91261258767193,122.61273128666487,144.2477594222592,167.04315586494204,144.16482936647128,148.51249588946376,176.22177462975958,188.1839715379421,138.979538772354,175.76310133280316,139.7139511366547,157.2579636281918,155.86626746587922,148.83810200351348,148.5208112483253,171.33407567153975,153.2740727456189,166.8800409286784,149.8549847763087,127.88345652011033,158.71284770206557,157.47909698452014,144.82489457293224,142.56524541328082,139.12111735579165,167.1987534649086,159.6332825773182
